INTERVALSTARTTIME_GMT,INTERVALENDTIME_GMT,OPR_DT,OPR_HR,NODE_ID_XML,NODE_ID,NODE,MARKET_RUN_ID,LMP_TYPE,XML_DATA_ITEM,PNODE_RESMRID,GRP_TYPE,POS,PRC,OPR_INTERVAL,GROUP
2022-09-01T07:00:00-00:00,2022-09-01T07:15:00-00:00,2022-09-01,01,REP_6_STGGNODE,REP_6_STGGNODE,REP_6_STGGNODE,RTPD,LMP,LMP_PRC,REP_6_STGGNODE,ALL,1,82.9598,1,1
2022-09-01T08:00:00-00:00,2022-09-01T08:15:00-00:00,2022-09-01,02,REP_6_STGGNODE,REP_6_STGGNODE,REP_6_STGGNODE,RTPD,LMP,LMP_PRC,REP_6_STGGNODE,ALL,1,112.28317,1,1
2022-09-01T09:00:00-00:00,2022-09-01T09:15:00-00:00,2022-09-01,03,REP_6_STGGNODE,REP_6_STGGNODE,REP_6_STGGNODE,RTPD,LMP,LMP_PRC,REP_6_STGGNODE,ALL,1,91.35538,1,1
2022-09-01T10:00:00-00:00,2022-09-01T10:15:00-00:00,2022-09-01,04,REP_6_STGGNODE,REP_6_STGGNODE,REP_6_STGGNODE,RTPD,LMP,LMP_PRC,REP_6_STGGNODE,ALL,1,91.64421,1,1
2022-09-01T11:00:00-00:00,2022-09-01T11:15:00-00:00,2022-09-01,05,REP_6_STGGNODE,REP_6_STGGNODE,REP_6_STGGNODE,RTPD,LMP,LMP_PRC,REP_6_STGGNODE,ALL,1,99.07216,1,1
2022-09-01T12:00:00-00:00,2022-09-01T12:15:00-00:00,2022-09-01,06,REP_6_STGGNODE,REP_6_STGGNODE,REP_6_STGGNODE,RTPD,LMP,LMP_PRC,REP_6_STGGNODE,ALL,1,83.50457,1,1
2022-09-01T13:00:00-00:00,2022-09-01T13:15:00-00:00,2022-09-01,07,REP_6_STGGNODE,REP_6_STGGNODE,REP_6_STGGNODE,RTPD,LMP,LMP_PRC,REP_6_STGGNODE,ALL,1,88.92816,1,1
2022-09-01T14:00:00-00:00,2022-09-01T14:15:00-00:00,2022-09-01,08,REP_6_STGGNODE,REP_6_STGGNODE,REP_6_STGGNODE,RTPD,LMP,LMP_PRC,REP_6_STGGNODE,ALL,1,108.85543,1,1
2022-09-01T15:00:00-00:00,2022-09-01T15:15:00-00:00,2022-09-01,09,REP_6_STGGNODE,REP_6_STGGNODE,REP_6_STGGNODE,RTPD,LMP,LMP_PRC,REP_6_STGGNODE,ALL,1,97.4124,1,1
2022-09-01T16:00:00-00:00,2022-09-01T16:15:00-00:00,2022-09-01,10,REP_6_STGGNODE,REP_6_STGGNODE,REP_6_STGGNODE,RTPD,LMP,LMP_PRC,REP_6_STGGNODE,ALL,1,83.43645,1,1
2022-09-01T17:00:00-00:00,2022-09-01T17:15:00-00:00,2022-09-01,11,REP_6_STGGNODE,REP_6_STGGNODE,REP_6_STGGNODE,RTPD,LMP,LMP_PRC,REP_6_STGGNODE,ALL,1,80.58359,1,1
2022-09-01T18:00:00-00:00,2022-09-01T18:15:00-00:00,2022-09-01,12,REP_6_STGGNODE,REP_6_STGGNODE,REP_6_STGGNODE,RTPD,LMP,LMP_PRC,REP_6_STGGNODE,ALL,1,59.80451,1,1
2022-09-01T19:00:00-00:00,2022-09-01T19:15:00-00:00,2022-09-01,13,REP_6_STGGNODE,REP_6_STGGNODE,REP_6_STGGNODE,RTPD,LMP,LMP_PRC,REP_6_STGGNODE,ALL,1,74.09786,1,1
2022-09-01T20:00:00-00:00,2022-09-01T20:15:00-00:00,2022-09-01,14,REP_6_STGGNODE,REP_6_STGGNODE,REP_6_STGGNODE,RTPD,LMP,LMP_PRC,REP_6_STGGNODE,ALL,1,114.49385,1,1
2022-09-01T21:00:00-00:00,2022-09-01T21:15:00-00:00,2022-09-01,15,REP_6_STGGNODE,REP_6_STGGNODE,REP_6_STGGNODE,RTPD,LMP,LMP_PRC,REP_6_STGGNODE,ALL,1,128.81229,1,1
2022-09-01T22:00:00-00:00,2022-09-01T22:15:00-00:00,2022-09-01,16,REP_6_STGGNODE,REP_6_STGGNODE,REP_6_STGGNODE,RTPD,LMP,LMP_PRC,REP_6_STGGNODE,ALL,1,123.28042,1,1
2022-09-01T23:00:00-00:00,2022-09-01T23:15:00-00:00,2022-09-01,17,REP_6_STGGNODE,REP_6_STGGNODE,REP_6_STGGNODE,RTPD,LMP,LMP_PRC,REP_6_STGGNODE,ALL,1,219.0536,1,1
2022-09-02T00:00:00-00:00,2022-09-02T00:15:00-00:00,2022-09-01,18,REP_6_STGGNODE,REP_6_STGGNODE,REP_6_STGGNODE,RTPD,LMP,LMP_PRC,REP_6_STGGNODE,ALL,1,1086.7815,1,1
2022-09-02T01:00:00-00:00,2022-09-02T01:15:00-00:00,2022-09-01,19,REP_6_STGGNODE,REP_6_STGGNODE,REP_6_STGGNODE,RTPD,LMP,LMP_PRC,REP_6_STGGNODE,ALL,1,1232.7212,1,1
2022-09-02T02:00:00-00:00,2022-09-02T02:15:00-00:00,2022-09-01,20,REP_6_STGGNODE,REP_6_STGGNODE,REP_6_STGGNODE,RTPD,LMP,LMP_PRC,REP_6_STGGNODE,ALL,1,1991.671,1,1
2022-09-02T03:00:00-00:00,2022-09-02T03:15:00-00:00,2022-09-01,21,REP_6_STGGNODE,REP_6_STGGNODE,REP_6_STGGNODE,RTPD,LMP,LMP_PRC,REP_6_STGGNODE,ALL,1,1318.8949,1,1
2022-09-02T04:00:00-00:00,2022-09-02T04:15:00-00:00,2022-09-01,22,REP_6_STGGNODE,REP_6_STGGNODE,REP_6_STGGNODE,RTPD,LMP,LMP_PRC,REP_6_STGGNODE,ALL,1,253.11057,1,1
2022-09-02T05:00:00-00:00,2022-09-02T05:15:00-00:00,2022-09-01,23,REP_6_STGGNODE,REP_6_STGGNODE,REP_6_STGGNODE,RTPD,LMP,LMP_PRC,REP_6_STGGNODE,ALL,1,179.45454,1,1
2022-09-02T06:00:00-00:00,2022-09-02T06:15:00-00:00,2022-09-01,24,REP_6_STGGNODE,REP_6_STGGNODE,REP_6_STGGNODE,RTPD,LMP,LMP_PRC,REP_6_STGGNODE,ALL,1,154.34045,1,1
2022-09-01T07:15:00-00:00,2022-09-01T07:30:00-00:00,2022-09-01,01,REP_6_STGGNODE,REP_6_STGGNODE,REP_6_STGGNODE,RTPD,LMP,LMP_PRC,REP_6_STGGNODE,ALL,1,115.75621,2,1
2022-09-01T08:15:00-00:00,2022-09-01T08:30:00-00:00,2022-09-01,02,REP_6_STGGNODE,REP_6_STGGNODE,REP_6_STGGNODE,RTPD,LMP,LMP_PRC,REP_6_STGGNODE,ALL,1,114.64116,2,1
2022-09-01T09:15:00-00:00,2022-09-01T09:30:00-00:00,2022-09-01,03,REP_6_STGGNODE,REP_6_STGGNODE,REP_6_STGGNODE,RTPD,LMP,LMP_PRC,REP_6_STGGNODE,ALL,1,88.83692,2,1
2022-09-01T10:15:00-00:00,2022-09-01T10:30:00-00:00,2022-09-01,04,REP_6_STGGNODE,REP_6_STGGNODE,REP_6_STGGNODE,RTPD,LMP,LMP_PRC,REP_6_STGGNODE,ALL,1,88.4102,2,1
2022-09-01T11:15:00-00:00,2022-09-01T11:30:00-00:00,2022-09-01,05,REP_6_STGGNODE,REP_6_STGGNODE,REP_6_STGGNODE,RTPD,LMP,LMP_PRC,REP_6_STGGNODE,ALL,1,99.55574,2,1
2022-09-01T12:15:00-00:00,2022-09-01T12:30:00-00:00,2022-09-01,06,REP_6_STGGNODE,REP_6_STGGNODE,REP_6_STGGNODE,RTPD,LMP,LMP_PRC,REP_6_STGGNODE,ALL,1,99.00596,2,1
2022-09-01T13:15:00-00:00,2022-09-01T13:30:00-00:00,2022-09-01,07,REP_6_STGGNODE,REP_6_STGGNODE,REP_6_STGGNODE,RTPD,LMP,LMP_PRC,REP_6_STGGNODE,ALL,1,106.20713,2,1
2022-09-01T14:15:00-00:00,2022-09-01T14:30:00-00:00,2022-09-01,08,REP_6_STGGNODE,REP_6_STGGNODE,REP_6_STGGNODE,RTPD,LMP,LMP_PRC,REP_6_STGGNODE,ALL,1,102.77434,2,1
2022-09-01T15:15:00-00:00,2022-09-01T15:30:00-00:00,2022-09-01,09,REP_6_STGGNODE,REP_6_STGGNODE,REP_6_STGGNODE,RTPD,LMP,LMP_PRC,REP_6_STGGNODE,ALL,1,86.94,2,1
2022-09-01T16:15:00-00:00,2022-09-01T16:30:00-00:00,2022-09-01,10,REP_6_STGGNODE,REP_6_STGGNODE,REP_6_STGGNODE,RTPD,LMP,LMP_PRC,REP_6_STGGNODE,ALL,1,87.84767,2,1
2022-09-01T17:15:00-00:00,2022-09-01T17:30:00-00:00,2022-09-01,11,REP_6_STGGNODE,REP_6_STGGNODE,REP_6_STGGNODE,RTPD,LMP,LMP_PRC,REP_6_STGGNODE,ALL,1,79.41247,2,1
2022-09-01T18:15:00-00:00,2022-09-01T18:30:00-00:00,2022-09-01,12,REP_6_STGGNODE,REP_6_STGGNODE,REP_6_STGGNODE,RTPD,LMP,LMP_PRC,REP_6_STGGNODE,ALL,1,75.13314,2,1
2022-09-01T19:15:00-00:00,2022-09-01T19:30:00-00:00,2022-09-01,13,REP_6_STGGNODE,REP_6_STGGNODE,REP_6_STGGNODE,RTPD,LMP,LMP_PRC,REP_6_STGGNODE,ALL,1,76.24802,2,1
2022-09-01T20:15:00-00:00,2022-09-01T20:30:00-00:00,2022-09-01,14,REP_6_STGGNODE,REP_6_STGGNODE,REP_6_STGGNODE,RTPD,LMP,LMP_PRC,REP_6_STGGNODE,ALL,1,114.37106,2,1
2022-09-01T21:15:00-00:00,2022-09-01T21:30:00-00:00,2022-09-01,15,REP_6_STGGNODE,REP_6_STGGNODE,REP_6_STGGNODE,RTPD,LMP,LMP_PRC,REP_6_STGGNODE,ALL,1,120.78099,2,1
2022-09-01T22:15:00-00:00,2022-09-01T22:30:00-00:00,2022-09-01,16,REP_6_STGGNODE,REP_6_STGGNODE,REP_6_STGGNODE,RTPD,LMP,LMP_PRC,REP_6_STGGNODE,ALL,1,140.40775,2,1
2022-09-01T23:15:00-00:00,2022-09-01T23:30:00-00:00,2022-09-01,17,REP_6_STGGNODE,REP_6_STGGNODE,REP_6_STGGNODE,RTPD,LMP,LMP_PRC,REP_6_STGGNODE,ALL,1,264.6395,2,1
2022-09-02T00:15:00-00:00,2022-09-02T00:30:00-00:00,2022-09-01,18,REP_6_STGGNODE,REP_6_STGGNODE,REP_6_STGGNODE,RTPD,LMP,LMP_PRC,REP_6_STGGNODE,ALL,1,1001.47363,2,1
2022-09-02T01:15:00-00:00,2022-09-02T01:30:00-00:00,2022-09-01,19,REP_6_STGGNODE,REP_6_STGGNODE,REP_6_STGGNODE,RTPD,LMP,LMP_PRC,REP_6_STGGNODE,ALL,1,1999.9945,2,1
2022-09-02T02:15:00-00:00,2022-09-02T02:30:00-00:00,2022-09-01,20,REP_6_STGGNODE,REP_6_STGGNODE,REP_6_STGGNODE,RTPD,LMP,LMP_PRC,REP_6_STGGNODE,ALL,1,1991.671,2,1
2022-09-02T03:15:00-00:00,2022-09-02T03:30:00-00:00,2022-09-01,21,REP_6_STGGNODE,REP_6_STGGNODE,REP_6_STGGNODE,RTPD,LMP,LMP_PRC,REP_6_STGGNODE,ALL,1,542.2094,2,1
2022-09-02T04:15:00-00:00,2022-09-02T04:30:00-00:00,2022-09-01,22,REP_6_STGGNODE,REP_6_STGGNODE,REP_6_STGGNODE,RTPD,LMP,LMP_PRC,REP_6_STGGNODE,ALL,1,219.75978,2,1
2022-09-02T05:15:00-00:00,2022-09-02T05:30:00-00:00,2022-09-01,23,REP_6_STGGNODE,REP_6_STGGNODE,REP_6_STGGNODE,RTPD,LMP,LMP_PRC,REP_6_STGGNODE,ALL,1,153.50726,2,1
2022-09-02T06:15:00-00:00,2022-09-02T06:30:00-00:00,2022-09-01,24,REP_6_STGGNODE,REP_6_STGGNODE,REP_6_STGGNODE,RTPD,LMP,LMP_PRC,REP_6_STGGNODE,ALL,1,137.86418,2,1
2022-09-01T07:30:00-00:00,2022-09-01T07:45:00-00:00,2022-09-01,01,REP_6_STGGNODE,REP_6_STGGNODE,REP_6_STGGNODE,RTPD,LMP,LMP_PRC,REP_6_STGGNODE,ALL,1,103.24015,3,1
2022-09-01T08:30:00-00:00,2022-09-01T08:45:00-00:00,2022-09-01,02,REP_6_STGGNODE,REP_6_STGGNODE,REP_6_STGGNODE,RTPD,LMP,LMP_PRC,REP_6_STGGNODE,ALL,1,107.01267,3,1
2022-09-01T09:30:00-00:00,2022-09-01T09:45:00-00:00,2022-09-01,03,REP_6_STGGNODE,REP_6_STGGNODE,REP_6_STGGNODE,RTPD,LMP,LMP_PRC,REP_6_STGGNODE,ALL,1,88.81954,3,1
2022-09-01T10:30:00-00:00,2022-09-01T10:45:00-00:00,2022-09-01,04,REP_6_STGGNODE,REP_6_STGGNODE,REP_6_STGGNODE,RTPD,LMP,LMP_PRC,REP_6_STGGNODE,ALL,1,90.19417,3,1
2022-09-01T11:30:00-00:00,2022-09-01T11:45:00-00:00,2022-09-01,05,REP_6_STGGNODE,REP_6_STGGNODE,REP_6_STGGNODE,RTPD,LMP,LMP_PRC,REP_6_STGGNODE,ALL,1,99.48689,3,1
2022-09-01T12:30:00-00:00,2022-09-01T12:45:00-00:00,2022-09-01,06,REP_6_STGGNODE,REP_6_STGGNODE,REP_6_STGGNODE,RTPD,LMP,LMP_PRC,REP_6_STGGNODE,ALL,1,98.83443,3,1
2022-09-01T13:30:00-00:00,2022-09-01T13:45:00-00:00,2022-09-01,07,REP_6_STGGNODE,REP_6_STGGNODE,REP_6_STGGNODE,RTPD,LMP,LMP_PRC,REP_6_STGGNODE,ALL,1,107.52667,3,1
2022-09-01T14:30:00-00:00,2022-09-01T14:45:00-00:00,2022-09-01,08,REP_6_STGGNODE,REP_6_STGGNODE,REP_6_STGGNODE,RTPD,LMP,LMP_PRC,REP_6_STGGNODE,ALL,1,100.09173,3,1
2022-09-01T15:30:00-00:00,2022-09-01T15:45:00-00:00,2022-09-01,09,REP_6_STGGNODE,REP_6_STGGNODE,REP_6_STGGNODE,RTPD,LMP,LMP_PRC,REP_6_STGGNODE,ALL,1,86.14,3,1
2022-09-01T16:30:00-00:00,2022-09-01T16:45:00-00:00,2022-09-01,10,REP_6_STGGNODE,REP_6_STGGNODE,REP_6_STGGNODE,RTPD,LMP,LMP_PRC,REP_6_STGGNODE,ALL,1,75.38128,3,1
2022-09-01T17:30:00-00:00,2022-09-01T17:45:00-00:00,2022-09-01,11,REP_6_STGGNODE,REP_6_STGGNODE,REP_6_STGGNODE,RTPD,LMP,LMP_PRC,REP_6_STGGNODE,ALL,1,79.1204,3,1
2022-09-01T18:30:00-00:00,2022-09-01T18:45:00-00:00,2022-09-01,12,REP_6_STGGNODE,REP_6_STGGNODE,REP_6_STGGNODE,RTPD,LMP,LMP_PRC,REP_6_STGGNODE,ALL,1,80.06054,3,1
2022-09-01T19:30:00-00:00,2022-09-01T19:45:00-00:00,2022-09-01,13,REP_6_STGGNODE,REP_6_STGGNODE,REP_6_STGGNODE,RTPD,LMP,LMP_PRC,REP_6_STGGNODE,ALL,1,101.63908,3,1
2022-09-01T20:30:00-00:00,2022-09-01T20:45:00-00:00,2022-09-01,14,REP_6_STGGNODE,REP_6_STGGNODE,REP_6_STGGNODE,RTPD,LMP,LMP_PRC,REP_6_STGGNODE,ALL,1,117.21111,3,1
2022-09-01T21:30:00-00:00,2022-09-01T21:45:00-00:00,2022-09-01,15,REP_6_STGGNODE,REP_6_STGGNODE,REP_6_STGGNODE,RTPD,LMP,LMP_PRC,REP_6_STGGNODE,ALL,1,128.65002,3,1
2022-09-01T22:30:00-00:00,2022-09-01T22:45:00-00:00,2022-09-01,16,REP_6_STGGNODE,REP_6_STGGNODE,REP_6_STGGNODE,RTPD,LMP,LMP_PRC,REP_6_STGGNODE,ALL,1,158.26,3,1
2022-09-01T23:30:00-00:00,2022-09-01T23:45:00-00:00,2022-09-01,17,REP_6_STGGNODE,REP_6_STGGNODE,REP_6_STGGNODE,RTPD,LMP,LMP_PRC,REP_6_STGGNODE,ALL,1,566.4828,3,1
2022-09-02T00:30:00-00:00,2022-09-02T00:45:00-00:00,2022-09-01,18,REP_6_STGGNODE,REP_6_STGGNODE,REP_6_STGGNODE,RTPD,LMP,LMP_PRC,REP_6_STGGNODE,ALL,1,1770.7845,3,1
2022-09-02T01:30:00-00:00,2022-09-02T01:45:00-00:00,2022-09-01,19,REP_6_STGGNODE,REP_6_STGGNODE,REP_6_STGGNODE,RTPD,LMP,LMP_PRC,REP_6_STGGNODE,ALL,1,1999.9944,3,1
2022-09-02T02:30:00-00:00,2022-09-02T02:45:00-00:00,2022-09-01,20,REP_6_STGGNODE,REP_6_STGGNODE,REP_6_STGGNODE,RTPD,LMP,LMP_PRC,REP_6_STGGNODE,ALL,1,1991.6698,3,1
2022-09-02T03:30:00-00:00,2022-09-02T03:45:00-00:00,2022-09-01,21,REP_6_STGGNODE,REP_6_STGGNODE,REP_6_STGGNODE,RTPD,LMP,LMP_PRC,REP_6_STGGNODE,ALL,1,218.57507,3,1
2022-09-02T04:30:00-00:00,2022-09-02T04:45:00-00:00,2022-09-01,22,REP_6_STGGNODE,REP_6_STGGNODE,REP_6_STGGNODE,RTPD,LMP,LMP_PRC,REP_6_STGGNODE,ALL,1,174.78697,3,1
2022-09-02T05:30:00-00:00,2022-09-02T05:45:00-00:00,2022-09-01,23,REP_6_STGGNODE,REP_6_STGGNODE,REP_6_STGGNODE,RTPD,LMP,LMP_PRC,REP_6_STGGNODE,ALL,1,128.31567,3,1
2022-09-02T06:30:00-00:00,2022-09-02T06:45:00-00:00,2022-09-01,24,REP_6_STGGNODE,REP_6_STGGNODE,REP_6_STGGNODE,RTPD,LMP,LMP_PRC,REP_6_STGGNODE,ALL,1,124.7317,3,1
2022-09-01T07:45:00-00:00,2022-09-01T08:00:00-00:00,2022-09-01,01,REP_6_STGGNODE,REP_6_STGGNODE,REP_6_STGGNODE,RTPD,LMP,LMP_PRC,REP_6_STGGNODE,ALL,1,91.12069,4,1
2022-09-01T08:45:00-00:00,2022-09-01T09:00:00-00:00,2022-09-01,02,REP_6_STGGNODE,REP_6_STGGNODE,REP_6_STGGNODE,RTPD,LMP,LMP_PRC,REP_6_STGGNODE,ALL,1,90.75835,4,1
2022-09-01T09:45:00-00:00,2022-09-01T10:00:00-00:00,2022-09-01,03,REP_6_STGGNODE,REP_6_STGGNODE,REP_6_STGGNODE,RTPD,LMP,LMP_PRC,REP_6_STGGNODE,ALL,1,89.26034,4,1
2022-09-01T10:45:00-00:00,2022-09-01T11:00:00-00:00,2022-09-01,04,REP_6_STGGNODE,REP_6_STGGNODE,REP_6_STGGNODE,RTPD,LMP,LMP_PRC,REP_6_STGGNODE,ALL,1,90.41213,4,1
2022-09-01T11:45:00-00:00,2022-09-01T12:00:00-00:00,2022-09-01,05,REP_6_STGGNODE,REP_6_STGGNODE,REP_6_STGGNODE,RTPD,LMP,LMP_PRC,REP_6_STGGNODE,ALL,1,107.0112,4,1
2022-09-01T12:45:00-00:00,2022-09-01T13:00:00-00:00,2022-09-01,06,REP_6_STGGNODE,REP_6_STGGNODE,REP_6_STGGNODE,RTPD,LMP,LMP_PRC,REP_6_STGGNODE,ALL,1,114.19081,4,1
2022-09-01T13:45:00-00:00,2022-09-01T14:00:00-00:00,2022-09-01,07,REP_6_STGGNODE,REP_6_STGGNODE,REP_6_STGGNODE,RTPD,LMP,LMP_PRC,REP_6_STGGNODE,ALL,1,111.4088,4,1
2022-09-01T14:45:00-00:00,2022-09-01T15:00:00-00:00,2022-09-01,08,REP_6_STGGNODE,REP_6_STGGNODE,REP_6_STGGNODE,RTPD,LMP,LMP_PRC,REP_6_STGGNODE,ALL,1,86.14,4,1
2022-09-01T15:45:00-00:00,2022-09-01T16:00:00-00:00,2022-09-01,09,REP_6_STGGNODE,REP_6_STGGNODE,REP_6_STGGNODE,RTPD,LMP,LMP_PRC,REP_6_STGGNODE,ALL,1,78.70196,4,1
2022-09-01T16:45:00-00:00,2022-09-01T17:00:00-00:00,2022-09-01,10,REP_6_STGGNODE,REP_6_STGGNODE,REP_6_STGGNODE,RTPD,LMP,LMP_PRC,REP_6_STGGNODE,ALL,1,79.09975,4,1
2022-09-01T17:45:00-00:00,2022-09-01T18:00:00-00:00,2022-09-01,11,REP_6_STGGNODE,REP_6_STGGNODE,REP_6_STGGNODE,RTPD,LMP,LMP_PRC,REP_6_STGGNODE,ALL,1,79.39552,4,1
2022-09-01T18:45:00-00:00,2022-09-01T19:00:00-00:00,2022-09-01,12,REP_6_STGGNODE,REP_6_STGGNODE,REP_6_STGGNODE,RTPD,LMP,LMP_PRC,REP_6_STGGNODE,ALL,1,82.00197,4,1
2022-09-01T19:45:00-00:00,2022-09-01T20:00:00-00:00,2022-09-01,13,REP_6_STGGNODE,REP_6_STGGNODE,REP_6_STGGNODE,RTPD,LMP,LMP_PRC,REP_6_STGGNODE,ALL,1,106.76999,4,1
2022-09-01T20:45:00-00:00,2022-09-01T21:00:00-00:00,2022-09-01,14,REP_6_STGGNODE,REP_6_STGGNODE,REP_6_STGGNODE,RTPD,LMP,LMP_PRC,REP_6_STGGNODE,ALL,1,126.07186,4,1
2022-09-01T21:45:00-00:00,2022-09-01T22:00:00-00:00,2022-09-01,15,REP_6_STGGNODE,REP_6_STGGNODE,REP_6_STGGNODE,RTPD,LMP,LMP_PRC,REP_6_STGGNODE,ALL,1,212.07794,4,1
2022-09-01T22:45:00-00:00,2022-09-01T23:00:00-00:00,2022-09-01,16,REP_6_STGGNODE,REP_6_STGGNODE,REP_6_STGGNODE,RTPD,LMP,LMP_PRC,REP_6_STGGNODE,ALL,1,177.21016,4,1
2022-09-01T23:45:00-00:00,2022-09-02T00:00:00-00:00,2022-09-01,17,REP_6_STGGNODE,REP_6_STGGNODE,REP_6_STGGNODE,RTPD,LMP,LMP_PRC,REP_6_STGGNODE,ALL,1,1645.9313,4,1
2022-09-02T00:45:00-00:00,2022-09-02T01:00:00-00:00,2022-09-01,18,REP_6_STGGNODE,REP_6_STGGNODE,REP_6_STGGNODE,RTPD,LMP,LMP_PRC,REP_6_STGGNODE,ALL,1,1797.23,4,1
2022-09-02T01:45:00-00:00,2022-09-02T02:00:00-00:00,2022-09-01,19,REP_6_STGGNODE,REP_6_STGGNODE,REP_6_STGGNODE,RTPD,LMP,LMP_PRC,REP_6_STGGNODE,ALL,1,1991.9325,4,1
2022-09-02T02:45:00-00:00,2022-09-02T03:00:00-00:00,2022-09-01,20,REP_6_STGGNODE,REP_6_STGGNODE,REP_6_STGGNODE,RTPD,LMP,LMP_PRC,REP_6_STGGNODE,ALL,1,1757.1466,4,1
2022-09-02T03:45:00-00:00,2022-09-02T04:00:00-00:00,2022-09-01,21,REP_6_STGGNODE,REP_6_STGGNODE,REP_6_STGGNODE,RTPD,LMP,LMP_PRC,REP_6_STGGNODE,ALL,1,158.67844,4,1
2022-09-02T04:45:00-00:00,2022-09-02T05:00:00-00:00,2022-09-01,22,REP_6_STGGNODE,REP_6_STGGNODE,REP_6_STGGNODE,RTPD,LMP,LMP_PRC,REP_6_STGGNODE,ALL,1,123.72256,4,1
2022-09-02T05:45:00-00:00,2022-09-02T06:00:00-00:00,2022-09-01,23,REP_6_STGGNODE,REP_6_STGGNODE,REP_6_STGGNODE,RTPD,LMP,LMP_PRC,REP_6_STGGNODE,ALL,1,111.99415,4,1
2022-09-02T06:45:00-00:00,2022-09-02T07:00:00-00:00,2022-09-01,24,REP_6_STGGNODE,REP_6_STGGNODE,REP_6_STGGNODE,RTPD,LMP,LMP_PRC,REP_6_STGGNODE,ALL,1,106.31052,4,1
2022-09-01T07:00:00-00:00,2022-09-01T07:15:00-00:00,2022-09-01,01,REP_6_STGGNODE,REP_6_STGGNODE,REP_6_STGGNODE,RTPD,MCC,LMP_CONG_PRC,REP_6_STGGNODE,ALL,1,-16.46963,1,2
2022-09-01T08:00:00-00:00,2022-09-01T08:15:00-00:00,2022-09-01,02,REP_6_STGGNODE,REP_6_STGGNODE,REP_6_STGGNODE,RTPD,MCC,LMP_CONG_PRC,REP_6_STGGNODE,ALL,1,-3.26562,1,2
2022-09-01T09:00:00-00:00,2022-09-01T09:15:00-00:00,2022-09-01,03,REP_6_STGGNODE,REP_6_STGGNODE,REP_6_STGGNODE,RTPD,MCC,LMP_CONG_PRC,REP_6_STGGNODE,ALL,1,-4.37598,1,2
2022-09-01T10:00:00-00:00,2022-09-01T10:15:00-00:00,2022-09-01,04,REP_6_STGGNODE,REP_6_STGGNODE,REP_6_STGGNODE,RTPD,MCC,LMP_CONG_PRC,REP_6_STGGNODE,ALL,1,-3.7921,1,2
2022-09-01T11:00:00-00:00,2022-09-01T11:15:00-00:00,2022-09-01,05,REP_6_STGGNODE,REP_6_STGGNODE,REP_6_STGGNODE,RTPD,MCC,LMP_CONG_PRC,REP_6_STGGNODE,ALL,1,0.0012,1,2
2022-09-01T12:00:00-00:00,2022-09-01T12:15:00-00:00,2022-09-01,06,REP_6_STGGNODE,REP_6_STGGNODE,REP_6_STGGNODE,RTPD,MCC,LMP_CONG_PRC,REP_6_STGGNODE,ALL,1,-9.74069,1,2
2022-09-01T13:00:00-00:00,2022-09-01T13:15:00-00:00,2022-09-01,07,REP_6_STGGNODE,REP_6_STGGNODE,REP_6_STGGNODE,RTPD,MCC,LMP_CONG_PRC,REP_6_STGGNODE,ALL,1,-12.88062,1,2
2022-09-01T14:00:00-00:00,2022-09-01T14:15:00-00:00,2022-09-01,08,REP_6_STGGNODE,REP_6_STGGNODE,REP_6_STGGNODE,RTPD,MCC,LMP_CONG_PRC,REP_6_STGGNODE,ALL,1,-0.0012,1,2
2022-09-01T15:00:00-00:00,2022-09-01T15:15:00-00:00,2022-09-01,09,REP_6_STGGNODE,REP_6_STGGNODE,REP_6_STGGNODE,RTPD,MCC,LMP_CONG_PRC,REP_6_STGGNODE,ALL,1,0.0012,1,2
2022-09-01T16:00:00-00:00,2022-09-01T16:15:00-00:00,2022-09-01,10,REP_6_STGGNODE,REP_6_STGGNODE,REP_6_STGGNODE,RTPD,MCC,LMP_CONG_PRC,REP_6_STGGNODE,ALL,1,0.0012,1,2
2022-09-01T17:00:00-00:00,2022-09-01T17:15:00-00:00,2022-09-01,11,REP_6_STGGNODE,REP_6_STGGNODE,REP_6_STGGNODE,RTPD,MCC,LMP_CONG_PRC,REP_6_STGGNODE,ALL,1,-16.36538,1,2
2022-09-01T18:00:00-00:00,2022-09-01T18:15:00-00:00,2022-09-01,12,REP_6_STGGNODE,REP_6_STGGNODE,REP_6_STGGNODE,RTPD,MCC,LMP_CONG_PRC,REP_6_STGGNODE,ALL,1,-31.7884,1,2
2022-09-01T19:00:00-00:00,2022-09-01T19:15:00-00:00,2022-09-01,13,REP_6_STGGNODE,REP_6_STGGNODE,REP_6_STGGNODE,RTPD,MCC,LMP_CONG_PRC,REP_6_STGGNODE,ALL,1,-35.09851,1,2
2022-09-01T20:00:00-00:00,2022-09-01T20:15:00-00:00,2022-09-01,14,REP_6_STGGNODE,REP_6_STGGNODE,REP_6_STGGNODE,RTPD,MCC,LMP_CONG_PRC,REP_6_STGGNODE,ALL,1,-3.44974,1,2
2022-09-01T21:00:00-00:00,2022-09-01T21:15:00-00:00,2022-09-01,15,REP_6_STGGNODE,REP_6_STGGNODE,REP_6_STGGNODE,RTPD,MCC,LMP_CONG_PRC,REP_6_STGGNODE,ALL,1,-97.80271,1,2
2022-09-01T22:00:00-00:00,2022-09-01T22:15:00-00:00,2022-09-01,16,REP_6_STGGNODE,REP_6_STGGNODE,REP_6_STGGNODE,RTPD,MCC,LMP_CONG_PRC,REP_6_STGGNODE,ALL,1,-105.90509,1,2
2022-09-01T23:00:00-00:00,2022-09-01T23:15:00-00:00,2022-09-01,17,REP_6_STGGNODE,REP_6_STGGNODE,REP_6_STGGNODE,RTPD,MCC,LMP_CONG_PRC,REP_6_STGGNODE,ALL,1,-167.70009,1,2
2022-09-02T00:00:00-00:00,2022-09-02T00:15:00-00:00,2022-09-01,18,REP_6_STGGNODE,REP_6_STGGNODE,REP_6_STGGNODE,RTPD,MCC,LMP_CONG_PRC,REP_6_STGGNODE,ALL,1,321.74826,1,2
2022-09-02T01:00:00-00:00,2022-09-02T01:15:00-00:00,2022-09-01,19,REP_6_STGGNODE,REP_6_STGGNODE,REP_6_STGGNODE,RTPD,MCC,LMP_CONG_PRC,REP_6_STGGNODE,ALL,1,316.44998,1,2
2022-09-02T02:00:00-00:00,2022-09-02T02:15:00-00:00,2022-09-01,20,REP_6_STGGNODE,REP_6_STGGNODE,REP_6_STGGNODE,RTPD,MCC,LMP_CONG_PRC,REP_6_STGGNODE,ALL,1,-0.0012,1,2
2022-09-02T03:00:00-00:00,2022-09-02T03:15:00-00:00,2022-09-01,21,REP_6_STGGNODE,REP_6_STGGNODE,REP_6_STGGNODE,RTPD,MCC,LMP_CONG_PRC,REP_6_STGGNODE,ALL,1,395.65527,1,2
2022-09-02T04:00:00-00:00,2022-09-02T04:15:00-00:00,2022-09-01,22,REP_6_STGGNODE,REP_6_STGGNODE,REP_6_STGGNODE,RTPD,MCC,LMP_CONG_PRC,REP_6_STGGNODE,ALL,1,-0.0012,1,2
2022-09-02T05:00:00-00:00,2022-09-02T05:15:00-00:00,2022-09-01,23,REP_6_STGGNODE,REP_6_STGGNODE,REP_6_STGGNODE,RTPD,MCC,LMP_CONG_PRC,REP_6_STGGNODE,ALL,1,0.0012,1,2
2022-09-02T06:00:00-00:00,2022-09-02T06:15:00-00:00,2022-09-01,24,REP_6_STGGNODE,REP_6_STGGNODE,REP_6_STGGNODE,RTPD,MCC,LMP_CONG_PRC,REP_6_STGGNODE,ALL,1,0.0012,1,2
2022-09-01T07:15:00-00:00,2022-09-01T07:30:00-00:00,2022-09-01,01,REP_6_STGGNODE,REP_6_STGGNODE,REP_6_STGGNODE,RTPD,MCC,LMP_CONG_PRC,REP_6_STGGNODE,ALL,1,-9.79523,2,2
2022-09-01T08:15:00-00:00,2022-09-01T08:30:00-00:00,2022-09-01,02,REP_6_STGGNODE,REP_6_STGGNODE,REP_6_STGGNODE,RTPD,MCC,LMP_CONG_PRC,REP_6_STGGNODE,ALL,1,-0.89049,2,2
2022-09-01T09:15:00-00:00,2022-09-01T09:30:00-00:00,2022-09-01,03,REP_6_STGGNODE,REP_6_STGGNODE,REP_6_STGGNODE,RTPD,MCC,LMP_CONG_PRC,REP_6_STGGNODE,ALL,1,-5.75252,2,2
2022-09-01T10:15:00-00:00,2022-09-01T10:30:00-00:00,2022-09-01,04,REP_6_STGGNODE,REP_6_STGGNODE,REP_6_STGGNODE,RTPD,MCC,LMP_CONG_PRC,REP_6_STGGNODE,ALL,1,-5.36628,2,2
2022-09-01T11:15:00-00:00,2022-09-01T11:30:00-00:00,2022-09-01,05,REP_6_STGGNODE,REP_6_STGGNODE,REP_6_STGGNODE,RTPD,MCC,LMP_CONG_PRC,REP_6_STGGNODE,ALL,1,0.0012,2,2
2022-09-01T12:15:00-00:00,2022-09-01T12:30:00-00:00,2022-09-01,06,REP_6_STGGNODE,REP_6_STGGNODE,REP_6_STGGNODE,RTPD,MCC,LMP_CONG_PRC,REP_6_STGGNODE,ALL,1,-5.95408,2,2
2022-09-01T13:15:00-00:00,2022-09-01T13:30:00-00:00,2022-09-01,07,REP_6_STGGNODE,REP_6_STGGNODE,REP_6_STGGNODE,RTPD,MCC,LMP_CONG_PRC,REP_6_STGGNODE,ALL,1,-0.55401,2,2
2022-09-01T14:15:00-00:00,2022-09-01T14:30:00-00:00,2022-09-01,08,REP_6_STGGNODE,REP_6_STGGNODE,REP_6_STGGNODE,RTPD,MCC,LMP_CONG_PRC,REP_6_STGGNODE,ALL,1,-0.0012,2,2
2022-09-01T15:15:00-00:00,2022-09-01T15:30:00-00:00,2022-09-01,09,REP_6_STGGNODE,REP_6_STGGNODE,REP_6_STGGNODE,RTPD,MCC,LMP_CONG_PRC,REP_6_STGGNODE,ALL,1,0.0012,2,2
2022-09-01T16:15:00-00:00,2022-09-01T16:30:00-00:00,2022-09-01,10,REP_6_STGGNODE,REP_6_STGGNODE,REP_6_STGGNODE,RTPD,MCC,LMP_CONG_PRC,REP_6_STGGNODE,ALL,1,-1.60091,2,2
2022-09-01T17:15:00-00:00,2022-09-01T17:30:00-00:00,2022-09-01,11,REP_6_STGGNODE,REP_6_STGGNODE,REP_6_STGGNODE,RTPD,MCC,LMP_CONG_PRC,REP_6_STGGNODE,ALL,1,-19.93426,2,2
2022-09-01T18:15:00-00:00,2022-09-01T18:30:00-00:00,2022-09-01,12,REP_6_STGGNODE,REP_6_STGGNODE,REP_6_STGGNODE,RTPD,MCC,LMP_CONG_PRC,REP_6_STGGNODE,ALL,1,-26.02588,2,2
2022-09-01T19:15:00-00:00,2022-09-01T19:30:00-00:00,2022-09-01,13,REP_6_STGGNODE,REP_6_STGGNODE,REP_6_STGGNODE,RTPD,MCC,LMP_CONG_PRC,REP_6_STGGNODE,ALL,1,-29.05786,2,2
2022-09-01T20:15:00-00:00,2022-09-01T20:30:00-00:00,2022-09-01,14,REP_6_STGGNODE,REP_6_STGGNODE,REP_6_STGGNODE,RTPD,MCC,LMP_CONG_PRC,REP_6_STGGNODE,ALL,1,-3.12315,2,2
2022-09-01T21:15:00-00:00,2022-09-01T21:30:00-00:00,2022-09-01,15,REP_6_STGGNODE,REP_6_STGGNODE,REP_6_STGGNODE,RTPD,MCC,LMP_CONG_PRC,REP_6_STGGNODE,ALL,1,-26.43086,2,2
2022-09-01T22:15:00-00:00,2022-09-01T22:30:00-00:00,2022-09-01,16,REP_6_STGGNODE,REP_6_STGGNODE,REP_6_STGGNODE,RTPD,MCC,LMP_CONG_PRC,REP_6_STGGNODE,ALL,1,-116.17958,2,2
2022-09-01T23:15:00-00:00,2022-09-01T23:30:00-00:00,2022-09-01,17,REP_6_STGGNODE,REP_6_STGGNODE,REP_6_STGGNODE,RTPD,MCC,LMP_CONG_PRC,REP_6_STGGNODE,ALL,1,-97.48457,2,2
2022-09-02T00:15:00-00:00,2022-09-02T00:30:00-00:00,2022-09-01,18,REP_6_STGGNODE,REP_6_STGGNODE,REP_6_STGGNODE,RTPD,MCC,LMP_CONG_PRC,REP_6_STGGNODE,ALL,1,313.15854,2,2
2022-09-02T01:15:00-00:00,2022-09-02T01:30:00-00:00,2022-09-01,19,REP_6_STGGNODE,REP_6_STGGNODE,REP_6_STGGNODE,RTPD,MCC,LMP_CONG_PRC,REP_6_STGGNODE,ALL,1,0.0012,2,2
2022-09-02T02:15:00-00:00,2022-09-02T02:30:00-00:00,2022-09-01,20,REP_6_STGGNODE,REP_6_STGGNODE,REP_6_STGGNODE,RTPD,MCC,LMP_CONG_PRC,REP_6_STGGNODE,ALL,1,-0.0012,2,2
2022-09-02T03:15:00-00:00,2022-09-02T03:30:00-00:00,2022-09-01,21,REP_6_STGGNODE,REP_6_STGGNODE,REP_6_STGGNODE,RTPD,MCC,LMP_CONG_PRC,REP_6_STGGNODE,ALL,1,138.71667,2,2
2022-09-02T04:15:00-00:00,2022-09-02T04:30:00-00:00,2022-09-01,22,REP_6_STGGNODE,REP_6_STGGNODE,REP_6_STGGNODE,RTPD,MCC,LMP_CONG_PRC,REP_6_STGGNODE,ALL,1,-0.0012,2,2
2022-09-02T05:15:00-00:00,2022-09-02T05:30:00-00:00,2022-09-01,23,REP_6_STGGNODE,REP_6_STGGNODE,REP_6_STGGNODE,RTPD,MCC,LMP_CONG_PRC,REP_6_STGGNODE,ALL,1,0.0012,2,2
2022-09-02T06:15:00-00:00,2022-09-02T06:30:00-00:00,2022-09-01,24,REP_6_STGGNODE,REP_6_STGGNODE,REP_6_STGGNODE,RTPD,MCC,LMP_CONG_PRC,REP_6_STGGNODE,ALL,1,0.0012,2,2
2022-09-01T07:30:00-00:00,2022-09-01T07:45:00-00:00,2022-09-01,01,REP_6_STGGNODE,REP_6_STGGNODE,REP_6_STGGNODE,RTPD,MCC,LMP_CONG_PRC,REP_6_STGGNODE,ALL,1,-15.79181,3,2
2022-09-01T08:30:00-00:00,2022-09-01T08:45:00-00:00,2022-09-01,02,REP_6_STGGNODE,REP_6_STGGNODE,REP_6_STGGNODE,RTPD,MCC,LMP_CONG_PRC,REP_6_STGGNODE,ALL,1,0.00036,3,2
2022-09-01T09:30:00-00:00,2022-09-01T09:45:00-00:00,2022-09-01,03,REP_6_STGGNODE,REP_6_STGGNODE,REP_6_STGGNODE,RTPD,MCC,LMP_CONG_PRC,REP_6_STGGNODE,ALL,1,-5.70088,3,2
2022-09-01T10:30:00-00:00,2022-09-01T10:45:00-00:00,2022-09-01,04,REP_6_STGGNODE,REP_6_STGGNODE,REP_6_STGGNODE,RTPD,MCC,LMP_CONG_PRC,REP_6_STGGNODE,ALL,1,-3.02664,3,2
2022-09-01T11:30:00-00:00,2022-09-01T11:45:00-00:00,2022-09-01,05,REP_6_STGGNODE,REP_6_STGGNODE,REP_6_STGGNODE,RTPD,MCC,LMP_CONG_PRC,REP_6_STGGNODE,ALL,1,0.0012,3,2
2022-09-01T12:30:00-00:00,2022-09-01T12:45:00-00:00,2022-09-01,06,REP_6_STGGNODE,REP_6_STGGNODE,REP_6_STGGNODE,RTPD,MCC,LMP_CONG_PRC,REP_6_STGGNODE,ALL,1,-10.31017,3,2
2022-09-01T13:30:00-00:00,2022-09-01T13:45:00-00:00,2022-09-01,07,REP_6_STGGNODE,REP_6_STGGNODE,REP_6_STGGNODE,RTPD,MCC,LMP_CONG_PRC,REP_6_STGGNODE,ALL,1,-0.0012,3,2
2022-09-01T14:30:00-00:00,2022-09-01T14:45:00-00:00,2022-09-01,08,REP_6_STGGNODE,REP_6_STGGNODE,REP_6_STGGNODE,RTPD,MCC,LMP_CONG_PRC,REP_6_STGGNODE,ALL,1,-0.0012,3,2
2022-09-01T15:30:00-00:00,2022-09-01T15:45:00-00:00,2022-09-01,09,REP_6_STGGNODE,REP_6_STGGNODE,REP_6_STGGNODE,RTPD,MCC,LMP_CONG_PRC,REP_6_STGGNODE,ALL,1,0.0012,3,2
2022-09-01T16:30:00-00:00,2022-09-01T16:45:00-00:00,2022-09-01,10,REP_6_STGGNODE,REP_6_STGGNODE,REP_6_STGGNODE,RTPD,MCC,LMP_CONG_PRC,REP_6_STGGNODE,ALL,1,-13.41516,3,2
2022-09-01T17:30:00-00:00,2022-09-01T17:45:00-00:00,2022-09-01,11,REP_6_STGGNODE,REP_6_STGGNODE,REP_6_STGGNODE,RTPD,MCC,LMP_CONG_PRC,REP_6_STGGNODE,ALL,1,-20.00973,3,2
2022-09-01T18:30:00-00:00,2022-09-01T18:45:00-00:00,2022-09-01,12,REP_6_STGGNODE,REP_6_STGGNODE,REP_6_STGGNODE,RTPD,MCC,LMP_CONG_PRC,REP_6_STGGNODE,ALL,1,-26.99663,3,2
2022-09-01T19:30:00-00:00,2022-09-01T19:45:00-00:00,2022-09-01,13,REP_6_STGGNODE,REP_6_STGGNODE,REP_6_STGGNODE,RTPD,MCC,LMP_CONG_PRC,REP_6_STGGNODE,ALL,1,-12.41997,3,2
2022-09-01T20:30:00-00:00,2022-09-01T20:45:00-00:00,2022-09-01,14,REP_6_STGGNODE,REP_6_STGGNODE,REP_6_STGGNODE,RTPD,MCC,LMP_CONG_PRC,REP_6_STGGNODE,ALL,1,-12.60493,3,2
2022-09-01T21:30:00-00:00,2022-09-01T21:45:00-00:00,2022-09-01,15,REP_6_STGGNODE,REP_6_STGGNODE,REP_6_STGGNODE,RTPD,MCC,LMP_CONG_PRC,REP_6_STGGNODE,ALL,1,-24.28055,3,2
2022-09-01T22:30:00-00:00,2022-09-01T22:45:00-00:00,2022-09-01,16,REP_6_STGGNODE,REP_6_STGGNODE,REP_6_STGGNODE,RTPD,MCC,LMP_CONG_PRC,REP_6_STGGNODE,ALL,1,-124.92181,3,2
2022-09-01T23:30:00-00:00,2022-09-01T23:45:00-00:00,2022-09-01,17,REP_6_STGGNODE,REP_6_STGGNODE,REP_6_STGGNODE,RTPD,MCC,LMP_CONG_PRC,REP_6_STGGNODE,ALL,1,0.0012,3,2
2022-09-02T00:30:00-00:00,2022-09-02T00:45:00-00:00,2022-09-01,18,REP_6_STGGNODE,REP_6_STGGNODE,REP_6_STGGNODE,RTPD,MCC,LMP_CONG_PRC,REP_6_STGGNODE,ALL,1,441.67194,3,2
2022-09-02T01:30:00-00:00,2022-09-02T01:45:00-00:00,2022-09-01,19,REP_6_STGGNODE,REP_6_STGGNODE,REP_6_STGGNODE,RTPD,MCC,LMP_CONG_PRC,REP_6_STGGNODE,ALL,1,-0.0012,3,2
2022-09-02T02:30:00-00:00,2022-09-02T02:45:00-00:00,2022-09-01,20,REP_6_STGGNODE,REP_6_STGGNODE,REP_6_STGGNODE,RTPD,MCC,LMP_CONG_PRC,REP_6_STGGNODE,ALL,1,-0.0012,3,2
2022-09-02T03:30:00-00:00,2022-09-02T03:45:00-00:00,2022-09-01,21,REP_6_STGGNODE,REP_6_STGGNODE,REP_6_STGGNODE,RTPD,MCC,LMP_CONG_PRC,REP_6_STGGNODE,ALL,1,31.21038,3,2
2022-09-02T04:30:00-00:00,2022-09-02T04:45:00-00:00,2022-09-01,22,REP_6_STGGNODE,REP_6_STGGNODE,REP_6_STGGNODE,RTPD,MCC,LMP_CONG_PRC,REP_6_STGGNODE,ALL,1,-0.0012,3,2
2022-09-02T05:30:00-00:00,2022-09-02T05:45:00-00:00,2022-09-01,23,REP_6_STGGNODE,REP_6_STGGNODE,REP_6_STGGNODE,RTPD,MCC,LMP_CONG_PRC,REP_6_STGGNODE,ALL,1,0.0012,3,2
2022-09-02T06:30:00-00:00,2022-09-02T06:45:00-00:00,2022-09-01,24,REP_6_STGGNODE,REP_6_STGGNODE,REP_6_STGGNODE,RTPD,MCC,LMP_CONG_PRC,REP_6_STGGNODE,ALL,1,0.0012,3,2
2022-09-01T07:45:00-00:00,2022-09-01T08:00:00-00:00,2022-09-01,01,REP_6_STGGNODE,REP_6_STGGNODE,REP_6_STGGNODE,RTPD,MCC,LMP_CONG_PRC,REP_6_STGGNODE,ALL,1,-18.00029,4,2
2022-09-01T08:45:00-00:00,2022-09-01T09:00:00-00:00,2022-09-01,02,REP_6_STGGNODE,REP_6_STGGNODE,REP_6_STGGNODE,RTPD,MCC,LMP_CONG_PRC,REP_6_STGGNODE,ALL,1,-4.39319,4,2
2022-09-01T09:45:00-00:00,2022-09-01T10:00:00-00:00,2022-09-01,03,REP_6_STGGNODE,REP_6_STGGNODE,REP_6_STGGNODE,RTPD,MCC,LMP_CONG_PRC,REP_6_STGGNODE,ALL,1,-5.08521,4,2
2022-09-01T10:45:00-00:00,2022-09-01T11:00:00-00:00,2022-09-01,04,REP_6_STGGNODE,REP_6_STGGNODE,REP_6_STGGNODE,RTPD,MCC,LMP_CONG_PRC,REP_6_STGGNODE,ALL,1,-1.19121,4,2
2022-09-01T11:45:00-00:00,2022-09-01T12:00:00-00:00,2022-09-01,05,REP_6_STGGNODE,REP_6_STGGNODE,REP_6_STGGNODE,RTPD,MCC,LMP_CONG_PRC,REP_6_STGGNODE,ALL,1,0.0012,4,2
2022-09-01T12:45:00-00:00,2022-09-01T13:00:00-00:00,2022-09-01,06,REP_6_STGGNODE,REP_6_STGGNODE,REP_6_STGGNODE,RTPD,MCC,LMP_CONG_PRC,REP_6_STGGNODE,ALL,1,-2.29399,4,2
2022-09-01T13:45:00-00:00,2022-09-01T14:00:00-00:00,2022-09-01,07,REP_6_STGGNODE,REP_6_STGGNODE,REP_6_STGGNODE,RTPD,MCC,LMP_CONG_PRC,REP_6_STGGNODE,ALL,1,-0.0012,4,2
2022-09-01T14:45:00-00:00,2022-09-01T15:00:00-00:00,2022-09-01,08,REP_6_STGGNODE,REP_6_STGGNODE,REP_6_STGGNODE,RTPD,MCC,LMP_CONG_PRC,REP_6_STGGNODE,ALL,1,0.0012,4,2
2022-09-01T15:45:00-00:00,2022-09-01T16:00:00-00:00,2022-09-01,09,REP_6_STGGNODE,REP_6_STGGNODE,REP_6_STGGNODE,RTPD,MCC,LMP_CONG_PRC,REP_6_STGGNODE,ALL,1,0.0012,4,2
2022-09-01T16:45:00-00:00,2022-09-01T17:00:00-00:00,2022-09-01,10,REP_6_STGGNODE,REP_6_STGGNODE,REP_6_STGGNODE,RTPD,MCC,LMP_CONG_PRC,REP_6_STGGNODE,ALL,1,-12.14958,4,2
2022-09-01T17:45:00-00:00,2022-09-01T18:00:00-00:00,2022-09-01,11,REP_6_STGGNODE,REP_6_STGGNODE,REP_6_STGGNODE,RTPD,MCC,LMP_CONG_PRC,REP_6_STGGNODE,ALL,1,-19.80992,4,2
2022-09-01T18:45:00-00:00,2022-09-01T19:00:00-00:00,2022-09-01,12,REP_6_STGGNODE,REP_6_STGGNODE,REP_6_STGGNODE,RTPD,MCC,LMP_CONG_PRC,REP_6_STGGNODE,ALL,1,-27.03867,4,2
2022-09-01T19:45:00-00:00,2022-09-01T20:00:00-00:00,2022-09-01,13,REP_6_STGGNODE,REP_6_STGGNODE,REP_6_STGGNODE,RTPD,MCC,LMP_CONG_PRC,REP_6_STGGNODE,ALL,1,-13.45492,4,2
2022-09-01T20:45:00-00:00,2022-09-01T21:00:00-00:00,2022-09-01,14,REP_6_STGGNODE,REP_6_STGGNODE,REP_6_STGGNODE,RTPD,MCC,LMP_CONG_PRC,REP_6_STGGNODE,ALL,1,-27.95323,4,2
2022-09-01T21:45:00-00:00,2022-09-01T22:00:00-00:00,2022-09-01,15,REP_6_STGGNODE,REP_6_STGGNODE,REP_6_STGGNODE,RTPD,MCC,LMP_CONG_PRC,REP_6_STGGNODE,ALL,1,-88.21582,4,2
2022-09-01T22:45:00-00:00,2022-09-01T23:00:00-00:00,2022-09-01,16,REP_6_STGGNODE,REP_6_STGGNODE,REP_6_STGGNODE,RTPD,MCC,LMP_CONG_PRC,REP_6_STGGNODE,ALL,1,-252.70354,4,2
2022-09-01T23:45:00-00:00,2022-09-02T00:00:00-00:00,2022-09-01,17,REP_6_STGGNODE,REP_6_STGGNODE,REP_6_STGGNODE,RTPD,MCC,LMP_CONG_PRC,REP_6_STGGNODE,ALL,1,384.71884,4,2
2022-09-02T00:45:00-00:00,2022-09-02T01:00:00-00:00,2022-09-01,18,REP_6_STGGNODE,REP_6_STGGNODE,REP_6_STGGNODE,RTPD,MCC,LMP_CONG_PRC,REP_6_STGGNODE,ALL,1,278.08096,4,2
2022-09-02T01:45:00-00:00,2022-09-02T02:00:00-00:00,2022-09-01,19,REP_6_STGGNODE,REP_6_STGGNODE,REP_6_STGGNODE,RTPD,MCC,LMP_CONG_PRC,REP_6_STGGNODE,ALL,1,-0.0012,4,2
2022-09-02T02:45:00-00:00,2022-09-02T03:00:00-00:00,2022-09-01,20,REP_6_STGGNODE,REP_6_STGGNODE,REP_6_STGGNODE,RTPD,MCC,LMP_CONG_PRC,REP_6_STGGNODE,ALL,1,126.05864,4,2
2022-09-02T03:45:00-00:00,2022-09-02T04:00:00-00:00,2022-09-01,21,REP_6_STGGNODE,REP_6_STGGNODE,REP_6_STGGNODE,RTPD,MCC,LMP_CONG_PRC,REP_6_STGGNODE,ALL,1,18.17652,4,2
2022-09-02T04:45:00-00:00,2022-09-02T05:00:00-00:00,2022-09-01,22,REP_6_STGGNODE,REP_6_STGGNODE,REP_6_STGGNODE,RTPD,MCC,LMP_CONG_PRC,REP_6_STGGNODE,ALL,1,0.0012,4,2
2022-09-02T05:45:00-00:00,2022-09-02T06:00:00-00:00,2022-09-01,23,REP_6_STGGNODE,REP_6_STGGNODE,REP_6_STGGNODE,RTPD,MCC,LMP_CONG_PRC,REP_6_STGGNODE,ALL,1,-4.24248,4,2
2022-09-02T06:45:00-00:00,2022-09-02T07:00:00-00:00,2022-09-01,24,REP_6_STGGNODE,REP_6_STGGNODE,REP_6_STGGNODE,RTPD,MCC,LMP_CONG_PRC,REP_6_STGGNODE,ALL,1,0.0012,4,2
2022-09-01T07:00:00-00:00,2022-09-01T07:15:00-00:00,2022-09-01,01,REP_6_STGGNODE,REP_6_STGGNODE,REP_6_STGGNODE,RTPD,MCE,LMP_ENE_PRC,REP_6_STGGNODE,ALL,1,104.23471,1,3
2022-09-01T08:00:00-00:00,2022-09-01T08:15:00-00:00,2022-09-01,02,REP_6_STGGNODE,REP_6_STGGNODE,REP_6_STGGNODE,RTPD,MCE,LMP_ENE_PRC,REP_6_STGGNODE,ALL,1,115.5488,1,3
2022-09-01T09:00:00-00:00,2022-09-01T09:15:00-00:00,2022-09-01,03,REP_6_STGGNODE,REP_6_STGGNODE,REP_6_STGGNODE,RTPD,MCE,LMP_ENE_PRC,REP_6_STGGNODE,ALL,1,99.73061,1,3
2022-09-01T10:00:00-00:00,2022-09-01T10:15:00-00:00,2022-09-01,04,REP_6_STGGNODE,REP_6_STGGNODE,REP_6_STGGNODE,RTPD,MCE,LMP_ENE_PRC,REP_6_STGGNODE,ALL,1,98.64222,1,3
2022-09-01T11:00:00-00:00,2022-09-01T11:15:00-00:00,2022-09-01,05,REP_6_STGGNODE,REP_6_STGGNODE,REP_6_STGGNODE,RTPD,MCE,LMP_ENE_PRC,REP_6_STGGNODE,ALL,1,102.56859,1,3
2022-09-01T12:00:00-00:00,2022-09-01T12:15:00-00:00,2022-09-01,06,REP_6_STGGNODE,REP_6_STGGNODE,REP_6_STGGNODE,RTPD,MCE,LMP_ENE_PRC,REP_6_STGGNODE,ALL,1,96.90845,1,3
2022-09-01T13:00:00-00:00,2022-09-01T13:15:00-00:00,2022-09-01,07,REP_6_STGGNODE,REP_6_STGGNODE,REP_6_STGGNODE,RTPD,MCE,LMP_ENE_PRC,REP_6_STGGNODE,ALL,1,101.80878,1,3
2022-09-01T14:00:00-00:00,2022-09-01T14:15:00-00:00,2022-09-01,08,REP_6_STGGNODE,REP_6_STGGNODE,REP_6_STGGNODE,RTPD,MCE,LMP_ENE_PRC,REP_6_STGGNODE,ALL,1,111.11219,1,3
2022-09-01T15:00:00-00:00,2022-09-01T15:15:00-00:00,2022-09-01,09,REP_6_STGGNODE,REP_6_STGGNODE,REP_6_STGGNODE,RTPD,MCE,LMP_ENE_PRC,REP_6_STGGNODE,ALL,1,97.4112,1,3
2022-09-01T16:00:00-00:00,2022-09-01T16:15:00-00:00,2022-09-01,10,REP_6_STGGNODE,REP_6_STGGNODE,REP_6_STGGNODE,RTPD,MCE,LMP_ENE_PRC,REP_6_STGGNODE,ALL,1,83.43525,1,3
2022-09-01T17:00:00-00:00,2022-09-01T17:15:00-00:00,2022-09-01,11,REP_6_STGGNODE,REP_6_STGGNODE,REP_6_STGGNODE,RTPD,MCE,LMP_ENE_PRC,REP_6_STGGNODE,ALL,1,96.94897,1,3
2022-09-01T18:00:00-00:00,2022-09-01T18:15:00-00:00,2022-09-01,12,REP_6_STGGNODE,REP_6_STGGNODE,REP_6_STGGNODE,RTPD,MCE,LMP_ENE_PRC,REP_6_STGGNODE,ALL,1,91.59291,1,3
2022-09-01T19:00:00-00:00,2022-09-01T19:15:00-00:00,2022-09-01,13,REP_6_STGGNODE,REP_6_STGGNODE,REP_6_STGGNODE,RTPD,MCE,LMP_ENE_PRC,REP_6_STGGNODE,ALL,1,109.19637,1,3
2022-09-01T20:00:00-00:00,2022-09-01T20:15:00-00:00,2022-09-01,14,REP_6_STGGNODE,REP_6_STGGNODE,REP_6_STGGNODE,RTPD,MCE,LMP_ENE_PRC,REP_6_STGGNODE,ALL,1,117.94359,1,3
2022-09-01T21:00:00-00:00,2022-09-01T21:15:00-00:00,2022-09-01,15,REP_6_STGGNODE,REP_6_STGGNODE,REP_6_STGGNODE,RTPD,MCE,LMP_ENE_PRC,REP_6_STGGNODE,ALL,1,226.61499,1,3
2022-09-01T22:00:00-00:00,2022-09-01T22:15:00-00:00,2022-09-01,16,REP_6_STGGNODE,REP_6_STGGNODE,REP_6_STGGNODE,RTPD,MCE,LMP_ENE_PRC,REP_6_STGGNODE,ALL,1,229.18552,1,3
2022-09-01T23:00:00-00:00,2022-09-01T23:15:00-00:00,2022-09-01,17,REP_6_STGGNODE,REP_6_STGGNODE,REP_6_STGGNODE,RTPD,MCE,LMP_ENE_PRC,REP_6_STGGNODE,ALL,1,386.7537,1,3
2022-09-02T00:00:00-00:00,2022-09-02T00:15:00-00:00,2022-09-01,18,REP_6_STGGNODE,REP_6_STGGNODE,REP_6_STGGNODE,RTPD,MCE,LMP_ENE_PRC,REP_6_STGGNODE,ALL,1,770.58136,1,3
2022-09-02T01:00:00-00:00,2022-09-02T01:15:00-00:00,2022-09-01,19,REP_6_STGGNODE,REP_6_STGGNODE,REP_6_STGGNODE,RTPD,MCE,LMP_ENE_PRC,REP_6_STGGNODE,ALL,1,916.27124,1,3
2022-09-02T02:00:00-00:00,2022-09-02T02:15:00-00:00,2022-09-01,20,REP_6_STGGNODE,REP_6_STGGNODE,REP_6_STGGNODE,RTPD,MCE,LMP_ENE_PRC,REP_6_STGGNODE,ALL,1,1991.6721,1,3
2022-09-02T03:00:00-00:00,2022-09-02T03:15:00-00:00,2022-09-01,21,REP_6_STGGNODE,REP_6_STGGNODE,REP_6_STGGNODE,RTPD,MCE,LMP_ENE_PRC,REP_6_STGGNODE,ALL,1,917.5508,1,3
2022-09-02T04:00:00-00:00,2022-09-02T04:15:00-00:00,2022-09-01,22,REP_6_STGGNODE,REP_6_STGGNODE,REP_6_STGGNODE,RTPD,MCE,LMP_ENE_PRC,REP_6_STGGNODE,ALL,1,257.83005,1,3
2022-09-02T05:00:00-00:00,2022-09-02T05:15:00-00:00,2022-09-01,23,REP_6_STGGNODE,REP_6_STGGNODE,REP_6_STGGNODE,RTPD,MCE,LMP_ENE_PRC,REP_6_STGGNODE,ALL,1,183.24657,1,3
2022-09-02T06:00:00-00:00,2022-09-02T06:15:00-00:00,2022-09-01,24,REP_6_STGGNODE,REP_6_STGGNODE,REP_6_STGGNODE,RTPD,MCE,LMP_ENE_PRC,REP_6_STGGNODE,ALL,1,158.867,1,3
2022-09-01T07:15:00-00:00,2022-09-01T07:30:00-00:00,2022-09-01,01,REP_6_STGGNODE,REP_6_STGGNODE,REP_6_STGGNODE,RTPD,MCE,LMP_ENE_PRC,REP_6_STGGNODE,ALL,1,125.55144,2,3
2022-09-01T08:15:00-00:00,2022-09-01T08:30:00-00:00,2022-09-01,02,REP_6_STGGNODE,REP_6_STGGNODE,REP_6_STGGNODE,RTPD,MCE,LMP_ENE_PRC,REP_6_STGGNODE,ALL,1,115.53165,2,3
2022-09-01T09:15:00-00:00,2022-09-01T09:30:00-00:00,2022-09-01,03,REP_6_STGGNODE,REP_6_STGGNODE,REP_6_STGGNODE,RTPD,MCE,LMP_ENE_PRC,REP_6_STGGNODE,ALL,1,98.30543,2,3
2022-09-01T10:15:00-00:00,2022-09-01T10:30:00-00:00,2022-09-01,04,REP_6_STGGNODE,REP_6_STGGNODE,REP_6_STGGNODE,RTPD,MCE,LMP_ENE_PRC,REP_6_STGGNODE,ALL,1,97.00684,2,3
2022-09-01T11:15:00-00:00,2022-09-01T11:30:00-00:00,2022-09-01,05,REP_6_STGGNODE,REP_6_STGGNODE,REP_6_STGGNODE,RTPD,MCE,LMP_ENE_PRC,REP_6_STGGNODE,ALL,1,103.09059,2,3
2022-09-01T12:15:00-00:00,2022-09-01T12:30:00-00:00,2022-09-01,06,REP_6_STGGNODE,REP_6_STGGNODE,REP_6_STGGNODE,RTPD,MCE,LMP_ENE_PRC,REP_6_STGGNODE,ALL,1,109.32203,2,3
2022-09-01T13:15:00-00:00,2022-09-01T13:30:00-00:00,2022-09-01,07,REP_6_STGGNODE,REP_6_STGGNODE,REP_6_STGGNODE,RTPD,MCE,LMP_ENE_PRC,REP_6_STGGNODE,ALL,1,110.97827,2,3
2022-09-01T14:15:00-00:00,2022-09-01T14:30:00-00:00,2022-09-01,08,REP_6_STGGNODE,REP_6_STGGNODE,REP_6_STGGNODE,RTPD,MCE,LMP_ENE_PRC,REP_6_STGGNODE,ALL,1,104.78743,2,3
2022-09-01T15:15:00-00:00,2022-09-01T15:30:00-00:00,2022-09-01,09,REP_6_STGGNODE,REP_6_STGGNODE,REP_6_STGGNODE,RTPD,MCE,LMP_ENE_PRC,REP_6_STGGNODE,ALL,1,86.9388,2,3
2022-09-01T16:15:00-00:00,2022-09-01T16:30:00-00:00,2022-09-01,10,REP_6_STGGNODE,REP_6_STGGNODE,REP_6_STGGNODE,RTPD,MCE,LMP_ENE_PRC,REP_6_STGGNODE,ALL,1,89.44858,2,3
2022-09-01T17:15:00-00:00,2022-09-01T17:30:00-00:00,2022-09-01,11,REP_6_STGGNODE,REP_6_STGGNODE,REP_6_STGGNODE,RTPD,MCE,LMP_ENE_PRC,REP_6_STGGNODE,ALL,1,99.34673,2,3
2022-09-01T18:15:00-00:00,2022-09-01T18:30:00-00:00,2022-09-01,12,REP_6_STGGNODE,REP_6_STGGNODE,REP_6_STGGNODE,RTPD,MCE,LMP_ENE_PRC,REP_6_STGGNODE,ALL,1,101.15901,2,3
2022-09-01T19:15:00-00:00,2022-09-01T19:30:00-00:00,2022-09-01,13,REP_6_STGGNODE,REP_6_STGGNODE,REP_6_STGGNODE,RTPD,MCE,LMP_ENE_PRC,REP_6_STGGNODE,ALL,1,105.30588,2,3
2022-09-01T20:15:00-00:00,2022-09-01T20:30:00-00:00,2022-09-01,14,REP_6_STGGNODE,REP_6_STGGNODE,REP_6_STGGNODE,RTPD,MCE,LMP_ENE_PRC,REP_6_STGGNODE,ALL,1,117.49421,2,3
2022-09-01T21:15:00-00:00,2022-09-01T21:30:00-00:00,2022-09-01,15,REP_6_STGGNODE,REP_6_STGGNODE,REP_6_STGGNODE,RTPD,MCE,LMP_ENE_PRC,REP_6_STGGNODE,ALL,1,147.21185,2,3
2022-09-01T22:15:00-00:00,2022-09-01T22:30:00-00:00,2022-09-01,16,REP_6_STGGNODE,REP_6_STGGNODE,REP_6_STGGNODE,RTPD,MCE,LMP_ENE_PRC,REP_6_STGGNODE,ALL,1,256.58734,2,3
2022-09-01T23:15:00-00:00,2022-09-01T23:30:00-00:00,2022-09-01,17,REP_6_STGGNODE,REP_6_STGGNODE,REP_6_STGGNODE,RTPD,MCE,LMP_ENE_PRC,REP_6_STGGNODE,ALL,1,362.12408,2,3
2022-09-02T00:15:00-00:00,2022-09-02T00:30:00-00:00,2022-09-01,18,REP_6_STGGNODE,REP_6_STGGNODE,REP_6_STGGNODE,RTPD,MCE,LMP_ENE_PRC,REP_6_STGGNODE,ALL,1,691.2182,2,3
2022-09-02T01:15:00-00:00,2022-09-02T01:30:00-00:00,2022-09-01,19,REP_6_STGGNODE,REP_6_STGGNODE,REP_6_STGGNODE,RTPD,MCE,LMP_ENE_PRC,REP_6_STGGNODE,ALL,1,1999.9933,2,3
2022-09-02T02:15:00-00:00,2022-09-02T02:30:00-00:00,2022-09-01,20,REP_6_STGGNODE,REP_6_STGGNODE,REP_6_STGGNODE,RTPD,MCE,LMP_ENE_PRC,REP_6_STGGNODE,ALL,1,1991.6721,2,3
2022-09-02T03:15:00-00:00,2022-09-02T03:30:00-00:00,2022-09-01,21,REP_6_STGGNODE,REP_6_STGGNODE,REP_6_STGGNODE,RTPD,MCE,LMP_ENE_PRC,REP_6_STGGNODE,ALL,1,400.52884,2,3
2022-09-02T04:15:00-00:00,2022-09-02T04:30:00-00:00,2022-09-01,22,REP_6_STGGNODE,REP_6_STGGNODE,REP_6_STGGNODE,RTPD,MCE,LMP_ENE_PRC,REP_6_STGGNODE,ALL,1,224.75041,2,3
2022-09-02T05:15:00-00:00,2022-09-02T05:30:00-00:00,2022-09-01,23,REP_6_STGGNODE,REP_6_STGGNODE,REP_6_STGGNODE,RTPD,MCE,LMP_ENE_PRC,REP_6_STGGNODE,ALL,1,157.11986,2,3
2022-09-02T06:15:00-00:00,2022-09-02T06:30:00-00:00,2022-09-01,24,REP_6_STGGNODE,REP_6_STGGNODE,REP_6_STGGNODE,RTPD,MCE,LMP_ENE_PRC,REP_6_STGGNODE,ALL,1,143.1005,2,3
2022-09-01T07:30:00-00:00,2022-09-01T07:45:00-00:00,2022-09-01,01,REP_6_STGGNODE,REP_6_STGGNODE,REP_6_STGGNODE,RTPD,MCE,LMP_ENE_PRC,REP_6_STGGNODE,ALL,1,119.03196,3,3
2022-09-01T08:30:00-00:00,2022-09-01T08:45:00-00:00,2022-09-01,02,REP_6_STGGNODE,REP_6_STGGNODE,REP_6_STGGNODE,RTPD,MCE,LMP_ENE_PRC,REP_6_STGGNODE,ALL,1,111.11241,3,3
2022-09-01T09:30:00-00:00,2022-09-01T09:45:00-00:00,2022-09-01,03,REP_6_STGGNODE,REP_6_STGGNODE,REP_6_STGGNODE,RTPD,MCE,LMP_ENE_PRC,REP_6_STGGNODE,ALL,1,98.16228,3,3
2022-09-01T10:30:00-00:00,2022-09-01T10:45:00-00:00,2022-09-01,04,REP_6_STGGNODE,REP_6_STGGNODE,REP_6_STGGNODE,RTPD,MCE,LMP_ENE_PRC,REP_6_STGGNODE,ALL,1,96.36226,3,3
2022-09-01T11:30:00-00:00,2022-09-01T11:45:00-00:00,2022-09-01,05,REP_6_STGGNODE,REP_6_STGGNODE,REP_6_STGGNODE,RTPD,MCE,LMP_ENE_PRC,REP_6_STGGNODE,ALL,1,103.06198,3,3
2022-09-01T12:30:00-00:00,2022-09-01T12:45:00-00:00,2022-09-01,06,REP_6_STGGNODE,REP_6_STGGNODE,REP_6_STGGNODE,RTPD,MCE,LMP_ENE_PRC,REP_6_STGGNODE,ALL,1,113.57403,3,3
2022-09-01T13:30:00-00:00,2022-09-01T13:45:00-00:00,2022-09-01,07,REP_6_STGGNODE,REP_6_STGGNODE,REP_6_STGGNODE,RTPD,MCE,LMP_ENE_PRC,REP_6_STGGNODE,ALL,1,111.52025,3,3
2022-09-01T14:30:00-00:00,2022-09-01T14:45:00-00:00,2022-09-01,08,REP_6_STGGNODE,REP_6_STGGNODE,REP_6_STGGNODE,RTPD,MCE,LMP_ENE_PRC,REP_6_STGGNODE,ALL,1,101.83428,3,3
2022-09-01T15:30:00-00:00,2022-09-01T15:45:00-00:00,2022-09-01,09,REP_6_STGGNODE,REP_6_STGGNODE,REP_6_STGGNODE,RTPD,MCE,LMP_ENE_PRC,REP_6_STGGNODE,ALL,1,86.1388,3,3
2022-09-01T16:30:00-00:00,2022-09-01T16:45:00-00:00,2022-09-01,10,REP_6_STGGNODE,REP_6_STGGNODE,REP_6_STGGNODE,RTPD,MCE,LMP_ENE_PRC,REP_6_STGGNODE,ALL,1,88.79644,3,3
2022-09-01T17:30:00-00:00,2022-09-01T17:45:00-00:00,2022-09-01,11,REP_6_STGGNODE,REP_6_STGGNODE,REP_6_STGGNODE,RTPD,MCE,LMP_ENE_PRC,REP_6_STGGNODE,ALL,1,99.13013,3,3
2022-09-01T18:30:00-00:00,2022-09-01T18:45:00-00:00,2022-09-01,12,REP_6_STGGNODE,REP_6_STGGNODE,REP_6_STGGNODE,RTPD,MCE,LMP_ENE_PRC,REP_6_STGGNODE,ALL,1,107.05718,3,3
2022-09-01T19:30:00-00:00,2022-09-01T19:45:00-00:00,2022-09-01,13,REP_6_STGGNODE,REP_6_STGGNODE,REP_6_STGGNODE,RTPD,MCE,LMP_ENE_PRC,REP_6_STGGNODE,ALL,1,114.05905,3,3
2022-09-01T20:30:00-00:00,2022-09-01T20:45:00-00:00,2022-09-01,14,REP_6_STGGNODE,REP_6_STGGNODE,REP_6_STGGNODE,RTPD,MCE,LMP_ENE_PRC,REP_6_STGGNODE,ALL,1,129.81606,3,3
2022-09-01T21:30:00-00:00,2022-09-01T21:45:00-00:00,2022-09-01,15,REP_6_STGGNODE,REP_6_STGGNODE,REP_6_STGGNODE,RTPD,MCE,LMP_ENE_PRC,REP_6_STGGNODE,ALL,1,152.93057,3,3
2022-09-01T22:30:00-00:00,2022-09-01T22:45:00-00:00,2022-09-01,16,REP_6_STGGNODE,REP_6_STGGNODE,REP_6_STGGNODE,RTPD,MCE,LMP_ENE_PRC,REP_6_STGGNODE,ALL,1,283.18182,3,3
2022-09-01T23:30:00-00:00,2022-09-01T23:45:00-00:00,2022-09-01,17,REP_6_STGGNODE,REP_6_STGGNODE,REP_6_STGGNODE,RTPD,MCE,LMP_ENE_PRC,REP_6_STGGNODE,ALL,1,566.48157,3,3
2022-09-02T00:30:00-00:00,2022-09-02T00:45:00-00:00,2022-09-01,18,REP_6_STGGNODE,REP_6_STGGNODE,REP_6_STGGNODE,RTPD,MCE,LMP_ENE_PRC,REP_6_STGGNODE,ALL,1,1329.1127,3,3
2022-09-02T01:30:00-00:00,2022-09-02T01:45:00-00:00,2022-09-01,19,REP_6_STGGNODE,REP_6_STGGNODE,REP_6_STGGNODE,RTPD,MCE,LMP_ENE_PRC,REP_6_STGGNODE,ALL,1,1999.9956,3,3
2022-09-02T02:30:00-00:00,2022-09-02T02:45:00-00:00,2022-09-01,20,REP_6_STGGNODE,REP_6_STGGNODE,REP_6_STGGNODE,RTPD,MCE,LMP_ENE_PRC,REP_6_STGGNODE,ALL,1,1991.671,3,3
2022-09-02T03:30:00-00:00,2022-09-02T03:45:00-00:00,2022-09-01,21,REP_6_STGGNODE,REP_6_STGGNODE,REP_6_STGGNODE,RTPD,MCE,LMP_ENE_PRC,REP_6_STGGNODE,ALL,1,186.61823,3,3
2022-09-02T04:30:00-00:00,2022-09-02T04:45:00-00:00,2022-09-01,22,REP_6_STGGNODE,REP_6_STGGNODE,REP_6_STGGNODE,RTPD,MCE,LMP_ENE_PRC,REP_6_STGGNODE,ALL,1,180.67824,3,3
2022-09-02T05:30:00-00:00,2022-09-02T05:45:00-00:00,2022-09-01,23,REP_6_STGGNODE,REP_6_STGGNODE,REP_6_STGGNODE,RTPD,MCE,LMP_ENE_PRC,REP_6_STGGNODE,ALL,1,131.69917,3,3
2022-09-02T06:30:00-00:00,2022-09-02T06:45:00-00:00,2022-09-01,24,REP_6_STGGNODE,REP_6_STGGNODE,REP_6_STGGNODE,RTPD,MCE,LMP_ENE_PRC,REP_6_STGGNODE,ALL,1,128.9871,3,3
2022-09-01T07:45:00-00:00,2022-09-01T08:00:00-00:00,2022-09-01,01,REP_6_STGGNODE,REP_6_STGGNODE,REP_6_STGGNODE,RTPD,MCE,LMP_ENE_PRC,REP_6_STGGNODE,ALL,1,109.12099,4,3
2022-09-01T08:45:00-00:00,2022-09-01T09:00:00-00:00,2022-09-01,02,REP_6_STGGNODE,REP_6_STGGNODE,REP_6_STGGNODE,RTPD,MCE,LMP_ENE_PRC,REP_6_STGGNODE,ALL,1,98.7357,4,3
2022-09-01T09:45:00-00:00,2022-09-01T10:00:00-00:00,2022-09-01,03,REP_6_STGGNODE,REP_6_STGGNODE,REP_6_STGGNODE,RTPD,MCE,LMP_ENE_PRC,REP_6_STGGNODE,ALL,1,97.50475,4,3
2022-09-01T10:45:00-00:00,2022-09-01T11:00:00-00:00,2022-09-01,04,REP_6_STGGNODE,REP_6_STGGNODE,REP_6_STGGNODE,RTPD,MCE,LMP_ENE_PRC,REP_6_STGGNODE,ALL,1,94.71966,4,3
2022-09-01T11:45:00-00:00,2022-09-01T12:00:00-00:00,2022-09-01,05,REP_6_STGGNODE,REP_6_STGGNODE,REP_6_STGGNODE,RTPD,MCE,LMP_ENE_PRC,REP_6_STGGNODE,ALL,1,107.01,4,3
2022-09-01T12:45:00-00:00,2022-09-01T13:00:00-00:00,2022-09-01,06,REP_6_STGGNODE,REP_6_STGGNODE,REP_6_STGGNODE,RTPD,MCE,LMP_ENE_PRC,REP_6_STGGNODE,ALL,1,116.4848,4,3
2022-09-01T13:45:00-00:00,2022-09-01T14:00:00-00:00,2022-09-01,07,REP_6_STGGNODE,REP_6_STGGNODE,REP_6_STGGNODE,RTPD,MCE,LMP_ENE_PRC,REP_6_STGGNODE,ALL,1,111.41,4,3
2022-09-01T14:45:00-00:00,2022-09-01T15:00:00-00:00,2022-09-01,08,REP_6_STGGNODE,REP_6_STGGNODE,REP_6_STGGNODE,RTPD,MCE,LMP_ENE_PRC,REP_6_STGGNODE,ALL,1,86.1388,4,3
2022-09-01T15:45:00-00:00,2022-09-01T16:00:00-00:00,2022-09-01,09,REP_6_STGGNODE,REP_6_STGGNODE,REP_6_STGGNODE,RTPD,MCE,LMP_ENE_PRC,REP_6_STGGNODE,ALL,1,78.70076,4,3
2022-09-01T16:45:00-00:00,2022-09-01T17:00:00-00:00,2022-09-01,10,REP_6_STGGNODE,REP_6_STGGNODE,REP_6_STGGNODE,RTPD,MCE,LMP_ENE_PRC,REP_6_STGGNODE,ALL,1,91.24933,4,3
2022-09-01T17:45:00-00:00,2022-09-01T18:00:00-00:00,2022-09-01,11,REP_6_STGGNODE,REP_6_STGGNODE,REP_6_STGGNODE,RTPD,MCE,LMP_ENE_PRC,REP_6_STGGNODE,ALL,1,99.20544,4,3
2022-09-01T18:45:00-00:00,2022-09-01T19:00:00-00:00,2022-09-01,12,REP_6_STGGNODE,REP_6_STGGNODE,REP_6_STGGNODE,RTPD,MCE,LMP_ENE_PRC,REP_6_STGGNODE,ALL,1,109.04064,4,3
2022-09-01T19:45:00-00:00,2022-09-01T20:00:00-00:00,2022-09-01,13,REP_6_STGGNODE,REP_6_STGGNODE,REP_6_STGGNODE,RTPD,MCE,LMP_ENE_PRC,REP_6_STGGNODE,ALL,1,120.22491,4,3
2022-09-01T20:45:00-00:00,2022-09-01T21:00:00-00:00,2022-09-01,14,REP_6_STGGNODE,REP_6_STGGNODE,REP_6_STGGNODE,RTPD,MCE,LMP_ENE_PRC,REP_6_STGGNODE,ALL,1,154.02509,4,3
2022-09-01T21:45:00-00:00,2022-09-01T22:00:00-00:00,2022-09-01,15,REP_6_STGGNODE,REP_6_STGGNODE,REP_6_STGGNODE,RTPD,MCE,LMP_ENE_PRC,REP_6_STGGNODE,ALL,1,300.29376,4,3
2022-09-01T22:45:00-00:00,2022-09-01T23:00:00-00:00,2022-09-01,16,REP_6_STGGNODE,REP_6_STGGNODE,REP_6_STGGNODE,RTPD,MCE,LMP_ENE_PRC,REP_6_STGGNODE,ALL,1,429.9137,4,3
2022-09-01T23:45:00-00:00,2022-09-02T00:00:00-00:00,2022-09-01,17,REP_6_STGGNODE,REP_6_STGGNODE,REP_6_STGGNODE,RTPD,MCE,LMP_ENE_PRC,REP_6_STGGNODE,ALL,1,1261.2124,4,3
2022-09-02T00:45:00-00:00,2022-09-02T01:00:00-00:00,2022-09-01,18,REP_6_STGGNODE,REP_6_STGGNODE,REP_6_STGGNODE,RTPD,MCE,LMP_ENE_PRC,REP_6_STGGNODE,ALL,1,1519.149,4,3
2022-09-02T01:45:00-00:00,2022-09-02T02:00:00-00:00,2022-09-01,19,REP_6_STGGNODE,REP_6_STGGNODE,REP_6_STGGNODE,RTPD,MCE,LMP_ENE_PRC,REP_6_STGGNODE,ALL,1,1991.9337,4,3
2022-09-02T02:45:00-00:00,2022-09-02T03:00:00-00:00,2022-09-01,20,REP_6_STGGNODE,REP_6_STGGNODE,REP_6_STGGNODE,RTPD,MCE,LMP_ENE_PRC,REP_6_STGGNODE,ALL,1,1629.6213,4,3
2022-09-02T03:45:00-00:00,2022-09-02T04:00:00-00:00,2022-09-01,21,REP_6_STGGNODE,REP_6_STGGNODE,REP_6_STGGNODE,RTPD,MCE,LMP_ENE_PRC,REP_6_STGGNODE,ALL,1,141.13702,4,3
2022-09-02T04:45:00-00:00,2022-09-02T05:00:00-00:00,2022-09-01,22,REP_6_STGGNODE,REP_6_STGGNODE,REP_6_STGGNODE,RTPD,MCE,LMP_ENE_PRC,REP_6_STGGNODE,ALL,1,126.76372,4,3
2022-09-02T05:45:00-00:00,2022-09-02T06:00:00-00:00,2022-09-01,23,REP_6_STGGNODE,REP_6_STGGNODE,REP_6_STGGNODE,RTPD,MCE,LMP_ENE_PRC,REP_6_STGGNODE,ALL,1,119.00958,4,3
2022-09-02T06:45:00-00:00,2022-09-02T07:00:00-00:00,2022-09-01,24,REP_6_STGGNODE,REP_6_STGGNODE,REP_6_STGGNODE,RTPD,MCE,LMP_ENE_PRC,REP_6_STGGNODE,ALL,1,109.20324,4,3
2022-09-01T07:00:00-00:00,2022-09-01T07:15:00-00:00,2022-09-01,01,REP_6_STGGNODE,REP_6_STGGNODE,REP_6_STGGNODE,RTPD,MCL,LMP_LOSS_PRC,REP_6_STGGNODE,ALL,1,-4.80528,1,4
2022-09-01T08:00:00-00:00,2022-09-01T08:15:00-00:00,2022-09-01,02,REP_6_STGGNODE,REP_6_STGGNODE,REP_6_STGGNODE,RTPD,MCL,LMP_LOSS_PRC,REP_6_STGGNODE,ALL,1,0,1,4
2022-09-01T09:00:00-00:00,2022-09-01T09:15:00-00:00,2022-09-01,03,REP_6_STGGNODE,REP_6_STGGNODE,REP_6_STGGNODE,RTPD,MCL,LMP_LOSS_PRC,REP_6_STGGNODE,ALL,1,-3.99925,1,4
2022-09-01T10:00:00-00:00,2022-09-01T10:15:00-00:00,2022-09-01,04,REP_6_STGGNODE,REP_6_STGGNODE,REP_6_STGGNODE,RTPD,MCL,LMP_LOSS_PRC,REP_6_STGGNODE,ALL,1,-3.20591,1,4
2022-09-01T11:00:00-00:00,2022-09-01T11:15:00-00:00,2022-09-01,05,REP_6_STGGNODE,REP_6_STGGNODE,REP_6_STGGNODE,RTPD,MCL,LMP_LOSS_PRC,REP_6_STGGNODE,ALL,1,-3.49763,1,4
2022-09-01T12:00:00-00:00,2022-09-01T12:15:00-00:00,2022-09-01,06,REP_6_STGGNODE,REP_6_STGGNODE,REP_6_STGGNODE,RTPD,MCL,LMP_LOSS_PRC,REP_6_STGGNODE,ALL,1,-3.66318,1,4
2022-09-01T13:00:00-00:00,2022-09-01T13:15:00-00:00,2022-09-01,07,REP_6_STGGNODE,REP_6_STGGNODE,REP_6_STGGNODE,RTPD,MCL,LMP_LOSS_PRC,REP_6_STGGNODE,ALL,1,0,1,4
2022-09-01T14:00:00-00:00,2022-09-01T14:15:00-00:00,2022-09-01,08,REP_6_STGGNODE,REP_6_STGGNODE,REP_6_STGGNODE,RTPD,MCL,LMP_LOSS_PRC,REP_6_STGGNODE,ALL,1,-2.25555,1,4
2022-09-01T15:00:00-00:00,2022-09-01T15:15:00-00:00,2022-09-01,09,REP_6_STGGNODE,REP_6_STGGNODE,REP_6_STGGNODE,RTPD,MCL,LMP_LOSS_PRC,REP_6_STGGNODE,ALL,1,0,1,4
2022-09-01T16:00:00-00:00,2022-09-01T16:15:00-00:00,2022-09-01,10,REP_6_STGGNODE,REP_6_STGGNODE,REP_6_STGGNODE,RTPD,MCL,LMP_LOSS_PRC,REP_6_STGGNODE,ALL,1,0,1,4
2022-09-01T17:00:00-00:00,2022-09-01T17:15:00-00:00,2022-09-01,11,REP_6_STGGNODE,REP_6_STGGNODE,REP_6_STGGNODE,RTPD,MCL,LMP_LOSS_PRC,REP_6_STGGNODE,ALL,1,0,1,4
2022-09-01T18:00:00-00:00,2022-09-01T18:15:00-00:00,2022-09-01,12,REP_6_STGGNODE,REP_6_STGGNODE,REP_6_STGGNODE,RTPD,MCL,LMP_LOSS_PRC,REP_6_STGGNODE,ALL,1,0,1,4
2022-09-01T19:00:00-00:00,2022-09-01T19:15:00-00:00,2022-09-01,13,REP_6_STGGNODE,REP_6_STGGNODE,REP_6_STGGNODE,RTPD,MCL,LMP_LOSS_PRC,REP_6_STGGNODE,ALL,1,0,1,4
2022-09-01T20:00:00-00:00,2022-09-01T20:15:00-00:00,2022-09-01,14,REP_6_STGGNODE,REP_6_STGGNODE,REP_6_STGGNODE,RTPD,MCL,LMP_LOSS_PRC,REP_6_STGGNODE,ALL,1,0,1,4
2022-09-01T21:00:00-00:00,2022-09-01T21:15:00-00:00,2022-09-01,15,REP_6_STGGNODE,REP_6_STGGNODE,REP_6_STGGNODE,RTPD,MCL,LMP_LOSS_PRC,REP_6_STGGNODE,ALL,1,0,1,4
2022-09-01T22:00:00-00:00,2022-09-01T22:15:00-00:00,2022-09-01,16,REP_6_STGGNODE,REP_6_STGGNODE,REP_6_STGGNODE,RTPD,MCL,LMP_LOSS_PRC,REP_6_STGGNODE,ALL,1,0,1,4
2022-09-01T23:00:00-00:00,2022-09-01T23:15:00-00:00,2022-09-01,17,REP_6_STGGNODE,REP_6_STGGNODE,REP_6_STGGNODE,RTPD,MCL,LMP_LOSS_PRC,REP_6_STGGNODE,ALL,1,0,1,4
2022-09-02T00:00:00-00:00,2022-09-02T00:15:00-00:00,2022-09-01,18,REP_6_STGGNODE,REP_6_STGGNODE,REP_6_STGGNODE,RTPD,MCL,LMP_LOSS_PRC,REP_6_STGGNODE,ALL,1,-5.54818,1,4
2022-09-02T01:00:00-00:00,2022-09-02T01:15:00-00:00,2022-09-01,19,REP_6_STGGNODE,REP_6_STGGNODE,REP_6_STGGNODE,RTPD,MCL,LMP_LOSS_PRC,REP_6_STGGNODE,ALL,1,0,1,4
2022-09-02T02:00:00-00:00,2022-09-02T02:15:00-00:00,2022-09-01,20,REP_6_STGGNODE,REP_6_STGGNODE,REP_6_STGGNODE,RTPD,MCL,LMP_LOSS_PRC,REP_6_STGGNODE,ALL,1,0,1,4
2022-09-02T03:00:00-00:00,2022-09-02T03:15:00-00:00,2022-09-01,21,REP_6_STGGNODE,REP_6_STGGNODE,REP_6_STGGNODE,RTPD,MCL,LMP_LOSS_PRC,REP_6_STGGNODE,ALL,1,5.68881,1,4
2022-09-02T04:00:00-00:00,2022-09-02T04:15:00-00:00,2022-09-01,22,REP_6_STGGNODE,REP_6_STGGNODE,REP_6_STGGNODE,RTPD,MCL,LMP_LOSS_PRC,REP_6_STGGNODE,ALL,1,-4.71827,1,4
2022-09-02T05:00:00-00:00,2022-09-02T05:15:00-00:00,2022-09-01,23,REP_6_STGGNODE,REP_6_STGGNODE,REP_6_STGGNODE,RTPD,MCL,LMP_LOSS_PRC,REP_6_STGGNODE,ALL,1,-3.79323,1,4
2022-09-02T06:00:00-00:00,2022-09-02T06:15:00-00:00,2022-09-01,24,REP_6_STGGNODE,REP_6_STGGNODE,REP_6_STGGNODE,RTPD,MCL,LMP_LOSS_PRC,REP_6_STGGNODE,ALL,1,-4.52774,1,4
2022-09-01T07:15:00-00:00,2022-09-01T07:30:00-00:00,2022-09-01,01,REP_6_STGGNODE,REP_6_STGGNODE,REP_6_STGGNODE,RTPD,MCL,LMP_LOSS_PRC,REP_6_STGGNODE,ALL,1,0,2,4
2022-09-01T08:15:00-00:00,2022-09-01T08:30:00-00:00,2022-09-01,02,REP_6_STGGNODE,REP_6_STGGNODE,REP_6_STGGNODE,RTPD,MCL,LMP_LOSS_PRC,REP_6_STGGNODE,ALL,1,0,2,4
2022-09-01T09:15:00-00:00,2022-09-01T09:30:00-00:00,2022-09-01,03,REP_6_STGGNODE,REP_6_STGGNODE,REP_6_STGGNODE,RTPD,MCL,LMP_LOSS_PRC,REP_6_STGGNODE,ALL,1,-3.71599,2,4
2022-09-01T10:15:00-00:00,2022-09-01T10:30:00-00:00,2022-09-01,04,REP_6_STGGNODE,REP_6_STGGNODE,REP_6_STGGNODE,RTPD,MCL,LMP_LOSS_PRC,REP_6_STGGNODE,ALL,1,-3.23037,2,4
2022-09-01T11:15:00-00:00,2022-09-01T11:30:00-00:00,2022-09-01,05,REP_6_STGGNODE,REP_6_STGGNODE,REP_6_STGGNODE,RTPD,MCL,LMP_LOSS_PRC,REP_6_STGGNODE,ALL,1,-3.53605,2,4
2022-09-01T12:15:00-00:00,2022-09-01T12:30:00-00:00,2022-09-01,06,REP_6_STGGNODE,REP_6_STGGNODE,REP_6_STGGNODE,RTPD,MCL,LMP_LOSS_PRC,REP_6_STGGNODE,ALL,1,-4.362,2,4
2022-09-01T13:15:00-00:00,2022-09-01T13:30:00-00:00,2022-09-01,07,REP_6_STGGNODE,REP_6_STGGNODE,REP_6_STGGNODE,RTPD,MCL,LMP_LOSS_PRC,REP_6_STGGNODE,ALL,1,-4.21713,2,4
2022-09-01T14:15:00-00:00,2022-09-01T14:30:00-00:00,2022-09-01,08,REP_6_STGGNODE,REP_6_STGGNODE,REP_6_STGGNODE,RTPD,MCL,LMP_LOSS_PRC,REP_6_STGGNODE,ALL,1,-2.0119,2,4
2022-09-01T15:15:00-00:00,2022-09-01T15:30:00-00:00,2022-09-01,09,REP_6_STGGNODE,REP_6_STGGNODE,REP_6_STGGNODE,RTPD,MCL,LMP_LOSS_PRC,REP_6_STGGNODE,ALL,1,0,2,4
2022-09-01T16:15:00-00:00,2022-09-01T16:30:00-00:00,2022-09-01,10,REP_6_STGGNODE,REP_6_STGGNODE,REP_6_STGGNODE,RTPD,MCL,LMP_LOSS_PRC,REP_6_STGGNODE,ALL,1,0,2,4
2022-09-01T17:15:00-00:00,2022-09-01T17:30:00-00:00,2022-09-01,11,REP_6_STGGNODE,REP_6_STGGNODE,REP_6_STGGNODE,RTPD,MCL,LMP_LOSS_PRC,REP_6_STGGNODE,ALL,1,0,2,4
2022-09-01T18:15:00-00:00,2022-09-01T18:30:00-00:00,2022-09-01,12,REP_6_STGGNODE,REP_6_STGGNODE,REP_6_STGGNODE,RTPD,MCL,LMP_LOSS_PRC,REP_6_STGGNODE,ALL,1,0,2,4
2022-09-01T19:15:00-00:00,2022-09-01T19:30:00-00:00,2022-09-01,13,REP_6_STGGNODE,REP_6_STGGNODE,REP_6_STGGNODE,RTPD,MCL,LMP_LOSS_PRC,REP_6_STGGNODE,ALL,1,0,2,4
2022-09-01T20:15:00-00:00,2022-09-01T20:30:00-00:00,2022-09-01,14,REP_6_STGGNODE,REP_6_STGGNODE,REP_6_STGGNODE,RTPD,MCL,LMP_LOSS_PRC,REP_6_STGGNODE,ALL,1,0,2,4
2022-09-01T21:15:00-00:00,2022-09-01T21:30:00-00:00,2022-09-01,15,REP_6_STGGNODE,REP_6_STGGNODE,REP_6_STGGNODE,RTPD,MCL,LMP_LOSS_PRC,REP_6_STGGNODE,ALL,1,0,2,4
2022-09-01T22:15:00-00:00,2022-09-01T22:30:00-00:00,2022-09-01,16,REP_6_STGGNODE,REP_6_STGGNODE,REP_6_STGGNODE,RTPD,MCL,LMP_LOSS_PRC,REP_6_STGGNODE,ALL,1,0,2,4
2022-09-01T23:15:00-00:00,2022-09-01T23:30:00-00:00,2022-09-01,17,REP_6_STGGNODE,REP_6_STGGNODE,REP_6_STGGNODE,RTPD,MCL,LMP_LOSS_PRC,REP_6_STGGNODE,ALL,1,0,2,4
2022-09-02T00:15:00-00:00,2022-09-02T00:30:00-00:00,2022-09-01,18,REP_6_STGGNODE,REP_6_STGGNODE,REP_6_STGGNODE,RTPD,MCL,LMP_LOSS_PRC,REP_6_STGGNODE,ALL,1,-2.90311,2,4
2022-09-02T01:15:00-00:00,2022-09-02T01:30:00-00:00,2022-09-01,19,REP_6_STGGNODE,REP_6_STGGNODE,REP_6_STGGNODE,RTPD,MCL,LMP_LOSS_PRC,REP_6_STGGNODE,ALL,1,0,2,4
2022-09-02T02:15:00-00:00,2022-09-02T02:30:00-00:00,2022-09-01,20,REP_6_STGGNODE,REP_6_STGGNODE,REP_6_STGGNODE,RTPD,MCL,LMP_LOSS_PRC,REP_6_STGGNODE,ALL,1,0,2,4
2022-09-02T03:15:00-00:00,2022-09-02T03:30:00-00:00,2022-09-01,21,REP_6_STGGNODE,REP_6_STGGNODE,REP_6_STGGNODE,RTPD,MCL,LMP_LOSS_PRC,REP_6_STGGNODE,ALL,1,2.9639,2,4
2022-09-02T04:15:00-00:00,2022-09-02T04:30:00-00:00,2022-09-01,22,REP_6_STGGNODE,REP_6_STGGNODE,REP_6_STGGNODE,RTPD,MCL,LMP_LOSS_PRC,REP_6_STGGNODE,ALL,1,-4.98943,2,4
2022-09-02T05:15:00-00:00,2022-09-02T05:30:00-00:00,2022-09-01,23,REP_6_STGGNODE,REP_6_STGGNODE,REP_6_STGGNODE,RTPD,MCL,LMP_LOSS_PRC,REP_6_STGGNODE,ALL,1,-3.61378,2,4
2022-09-02T06:15:00-00:00,2022-09-02T06:30:00-00:00,2022-09-01,24,REP_6_STGGNODE,REP_6_STGGNODE,REP_6_STGGNODE,RTPD,MCL,LMP_LOSS_PRC,REP_6_STGGNODE,ALL,1,-5.23752,2,4
2022-09-01T07:30:00-00:00,2022-09-01T07:45:00-00:00,2022-09-01,01,REP_6_STGGNODE,REP_6_STGGNODE,REP_6_STGGNODE,RTPD,MCL,LMP_LOSS_PRC,REP_6_STGGNODE,ALL,1,0,3,4
2022-09-01T08:30:00-00:00,2022-09-01T08:45:00-00:00,2022-09-01,02,REP_6_STGGNODE,REP_6_STGGNODE,REP_6_STGGNODE,RTPD,MCL,LMP_LOSS_PRC,REP_6_STGGNODE,ALL,1,-4.10009,3,4
2022-09-01T09:30:00-00:00,2022-09-01T09:45:00-00:00,2022-09-01,03,REP_6_STGGNODE,REP_6_STGGNODE,REP_6_STGGNODE,RTPD,MCL,LMP_LOSS_PRC,REP_6_STGGNODE,ALL,1,-3.64187,3,4
2022-09-01T10:30:00-00:00,2022-09-01T10:45:00-00:00,2022-09-01,04,REP_6_STGGNODE,REP_6_STGGNODE,REP_6_STGGNODE,RTPD,MCL,LMP_LOSS_PRC,REP_6_STGGNODE,ALL,1,-3.14145,3,4
2022-09-01T11:30:00-00:00,2022-09-01T11:45:00-00:00,2022-09-01,05,REP_6_STGGNODE,REP_6_STGGNODE,REP_6_STGGNODE,RTPD,MCL,LMP_LOSS_PRC,REP_6_STGGNODE,ALL,1,-3.57629,3,4
2022-09-01T12:30:00-00:00,2022-09-01T12:45:00-00:00,2022-09-01,06,REP_6_STGGNODE,REP_6_STGGNODE,REP_6_STGGNODE,RTPD,MCL,LMP_LOSS_PRC,REP_6_STGGNODE,ALL,1,-4.42943,3,4
2022-09-01T13:30:00-00:00,2022-09-01T13:45:00-00:00,2022-09-01,07,REP_6_STGGNODE,REP_6_STGGNODE,REP_6_STGGNODE,RTPD,MCL,LMP_LOSS_PRC,REP_6_STGGNODE,ALL,1,-3.99238,3,4
2022-09-01T14:30:00-00:00,2022-09-01T14:45:00-00:00,2022-09-01,08,REP_6_STGGNODE,REP_6_STGGNODE,REP_6_STGGNODE,RTPD,MCL,LMP_LOSS_PRC,REP_6_STGGNODE,ALL,1,-1.74135,3,4
2022-09-01T15:30:00-00:00,2022-09-01T15:45:00-00:00,2022-09-01,09,REP_6_STGGNODE,REP_6_STGGNODE,REP_6_STGGNODE,RTPD,MCL,LMP_LOSS_PRC,REP_6_STGGNODE,ALL,1,0,3,4
2022-09-01T16:30:00-00:00,2022-09-01T16:45:00-00:00,2022-09-01,10,REP_6_STGGNODE,REP_6_STGGNODE,REP_6_STGGNODE,RTPD,MCL,LMP_LOSS_PRC,REP_6_STGGNODE,ALL,1,0,3,4
2022-09-01T17:30:00-00:00,2022-09-01T17:45:00-00:00,2022-09-01,11,REP_6_STGGNODE,REP_6_STGGNODE,REP_6_STGGNODE,RTPD,MCL,LMP_LOSS_PRC,REP_6_STGGNODE,ALL,1,0,3,4
2022-09-01T18:30:00-00:00,2022-09-01T18:45:00-00:00,2022-09-01,12,REP_6_STGGNODE,REP_6_STGGNODE,REP_6_STGGNODE,RTPD,MCL,LMP_LOSS_PRC,REP_6_STGGNODE,ALL,1,0,3,4
2022-09-01T19:30:00-00:00,2022-09-01T19:45:00-00:00,2022-09-01,13,REP_6_STGGNODE,REP_6_STGGNODE,REP_6_STGGNODE,RTPD,MCL,LMP_LOSS_PRC,REP_6_STGGNODE,ALL,1,0,3,4
2022-09-01T20:30:00-00:00,2022-09-01T20:45:00-00:00,2022-09-01,14,REP_6_STGGNODE,REP_6_STGGNODE,REP_6_STGGNODE,RTPD,MCL,LMP_LOSS_PRC,REP_6_STGGNODE,ALL,1,0,3,4
2022-09-01T21:30:00-00:00,2022-09-01T21:45:00-00:00,2022-09-01,15,REP_6_STGGNODE,REP_6_STGGNODE,REP_6_STGGNODE,RTPD,MCL,LMP_LOSS_PRC,REP_6_STGGNODE,ALL,1,0,3,4
2022-09-01T22:30:00-00:00,2022-09-01T22:45:00-00:00,2022-09-01,16,REP_6_STGGNODE,REP_6_STGGNODE,REP_6_STGGNODE,RTPD,MCL,LMP_LOSS_PRC,REP_6_STGGNODE,ALL,1,0,3,4
2022-09-01T23:30:00-00:00,2022-09-01T23:45:00-00:00,2022-09-01,17,REP_6_STGGNODE,REP_6_STGGNODE,REP_6_STGGNODE,RTPD,MCL,LMP_LOSS_PRC,REP_6_STGGNODE,ALL,1,0,3,4
2022-09-02T00:30:00-00:00,2022-09-02T00:45:00-00:00,2022-09-01,18,REP_6_STGGNODE,REP_6_STGGNODE,REP_6_STGGNODE,RTPD,MCL,LMP_LOSS_PRC,REP_6_STGGNODE,ALL,1,0,3,4
2022-09-02T01:30:00-00:00,2022-09-02T01:45:00-00:00,2022-09-01,19,REP_6_STGGNODE,REP_6_STGGNODE,REP_6_STGGNODE,RTPD,MCL,LMP_LOSS_PRC,REP_6_STGGNODE,ALL,1,0,3,4
2022-09-02T02:30:00-00:00,2022-09-02T02:45:00-00:00,2022-09-01,20,REP_6_STGGNODE,REP_6_STGGNODE,REP_6_STGGNODE,RTPD,MCL,LMP_LOSS_PRC,REP_6_STGGNODE,ALL,1,0,3,4
2022-09-02T03:30:00-00:00,2022-09-02T03:45:00-00:00,2022-09-01,21,REP_6_STGGNODE,REP_6_STGGNODE,REP_6_STGGNODE,RTPD,MCL,LMP_LOSS_PRC,REP_6_STGGNODE,ALL,1,0.74647,3,4
2022-09-02T04:30:00-00:00,2022-09-02T04:45:00-00:00,2022-09-01,22,REP_6_STGGNODE,REP_6_STGGNODE,REP_6_STGGNODE,RTPD,MCL,LMP_LOSS_PRC,REP_6_STGGNODE,ALL,1,-5.89007,3,4
2022-09-02T05:30:00-00:00,2022-09-02T05:45:00-00:00,2022-09-01,23,REP_6_STGGNODE,REP_6_STGGNODE,REP_6_STGGNODE,RTPD,MCL,LMP_LOSS_PRC,REP_6_STGGNODE,ALL,1,-3.3847,3,4
2022-09-02T06:30:00-00:00,2022-09-02T06:45:00-00:00,2022-09-01,24,REP_6_STGGNODE,REP_6_STGGNODE,REP_6_STGGNODE,RTPD,MCL,LMP_LOSS_PRC,REP_6_STGGNODE,ALL,1,-4.25661,3,4
2022-09-01T07:45:00-00:00,2022-09-01T08:00:00-00:00,2022-09-01,01,REP_6_STGGNODE,REP_6_STGGNODE,REP_6_STGGNODE,RTPD,MCL,LMP_LOSS_PRC,REP_6_STGGNODE,ALL,1,0,4,4
2022-09-01T08:45:00-00:00,2022-09-01T09:00:00-00:00,2022-09-01,02,REP_6_STGGNODE,REP_6_STGGNODE,REP_6_STGGNODE,RTPD,MCL,LMP_LOSS_PRC,REP_6_STGGNODE,ALL,1,-3.58415,4,4
2022-09-01T09:45:00-00:00,2022-09-01T10:00:00-00:00,2022-09-01,03,REP_6_STGGNODE,REP_6_STGGNODE,REP_6_STGGNODE,RTPD,MCL,LMP_LOSS_PRC,REP_6_STGGNODE,ALL,1,-3.15919,4,4
2022-09-01T10:45:00-00:00,2022-09-01T11:00:00-00:00,2022-09-01,04,REP_6_STGGNODE,REP_6_STGGNODE,REP_6_STGGNODE,RTPD,MCL,LMP_LOSS_PRC,REP_6_STGGNODE,ALL,1,-3.11632,4,4
2022-09-01T11:45:00-00:00,2022-09-01T12:00:00-00:00,2022-09-01,05,REP_6_STGGNODE,REP_6_STGGNODE,REP_6_STGGNODE,RTPD,MCL,LMP_LOSS_PRC,REP_6_STGGNODE,ALL,1,0,4,4
2022-09-01T12:45:00-00:00,2022-09-01T13:00:00-00:00,2022-09-01,06,REP_6_STGGNODE,REP_6_STGGNODE,REP_6_STGGNODE,RTPD,MCL,LMP_LOSS_PRC,REP_6_STGGNODE,ALL,1,0,4,4
2022-09-01T13:45:00-00:00,2022-09-01T14:00:00-00:00,2022-09-01,07,REP_6_STGGNODE,REP_6_STGGNODE,REP_6_STGGNODE,RTPD,MCL,LMP_LOSS_PRC,REP_6_STGGNODE,ALL,1,0,4,4
2022-09-01T14:45:00-00:00,2022-09-01T15:00:00-00:00,2022-09-01,08,REP_6_STGGNODE,REP_6_STGGNODE,REP_6_STGGNODE,RTPD,MCL,LMP_LOSS_PRC,REP_6_STGGNODE,ALL,1,0,4,4
2022-09-01T15:45:00-00:00,2022-09-01T16:00:00-00:00,2022-09-01,09,REP_6_STGGNODE,REP_6_STGGNODE,REP_6_STGGNODE,RTPD,MCL,LMP_LOSS_PRC,REP_6_STGGNODE,ALL,1,0,4,4
2022-09-01T16:45:00-00:00,2022-09-01T17:00:00-00:00,2022-09-01,10,REP_6_STGGNODE,REP_6_STGGNODE,REP_6_STGGNODE,RTPD,MCL,LMP_LOSS_PRC,REP_6_STGGNODE,ALL,1,0,4,4
2022-09-01T17:45:00-00:00,2022-09-01T18:00:00-00:00,2022-09-01,11,REP_6_STGGNODE,REP_6_STGGNODE,REP_6_STGGNODE,RTPD,MCL,LMP_LOSS_PRC,REP_6_STGGNODE,ALL,1,0,4,4
2022-09-01T18:45:00-00:00,2022-09-01T19:00:00-00:00,2022-09-01,12,REP_6_STGGNODE,REP_6_STGGNODE,REP_6_STGGNODE,RTPD,MCL,LMP_LOSS_PRC,REP_6_STGGNODE,ALL,1,0,4,4
2022-09-01T19:45:00-00:00,2022-09-01T20:00:00-00:00,2022-09-01,13,REP_6_STGGNODE,REP_6_STGGNODE,REP_6_STGGNODE,RTPD,MCL,LMP_LOSS_PRC,REP_6_STGGNODE,ALL,1,0,4,4
2022-09-01T20:45:00-00:00,2022-09-01T21:00:00-00:00,2022-09-01,14,REP_6_STGGNODE,REP_6_STGGNODE,REP_6_STGGNODE,RTPD,MCL,LMP_LOSS_PRC,REP_6_STGGNODE,ALL,1,0,4,4
2022-09-01T21:45:00-00:00,2022-09-01T22:00:00-00:00,2022-09-01,15,REP_6_STGGNODE,REP_6_STGGNODE,REP_6_STGGNODE,RTPD,MCL,LMP_LOSS_PRC,REP_6_STGGNODE,ALL,1,0,4,4
2022-09-01T22:45:00-00:00,2022-09-01T23:00:00-00:00,2022-09-01,16,REP_6_STGGNODE,REP_6_STGGNODE,REP_6_STGGNODE,RTPD,MCL,LMP_LOSS_PRC,REP_6_STGGNODE,ALL,1,0,4,4
2022-09-01T23:45:00-00:00,2022-09-02T00:00:00-00:00,2022-09-01,17,REP_6_STGGNODE,REP_6_STGGNODE,REP_6_STGGNODE,RTPD,MCL,LMP_LOSS_PRC,REP_6_STGGNODE,ALL,1,0,4,4
2022-09-02T00:45:00-00:00,2022-09-02T01:00:00-00:00,2022-09-01,18,REP_6_STGGNODE,REP_6_STGGNODE,REP_6_STGGNODE,RTPD,MCL,LMP_LOSS_PRC,REP_6_STGGNODE,ALL,1,0,4,4
2022-09-02T01:45:00-00:00,2022-09-02T02:00:00-00:00,2022-09-01,19,REP_6_STGGNODE,REP_6_STGGNODE,REP_6_STGGNODE,RTPD,MCL,LMP_LOSS_PRC,REP_6_STGGNODE,ALL,1,0,4,4
2022-09-02T02:45:00-00:00,2022-09-02T03:00:00-00:00,2022-09-01,20,REP_6_STGGNODE,REP_6_STGGNODE,REP_6_STGGNODE,RTPD,MCL,LMP_LOSS_PRC,REP_6_STGGNODE,ALL,1,1.46666,4,4
2022-09-02T03:45:00-00:00,2022-09-02T04:00:00-00:00,2022-09-01,21,REP_6_STGGNODE,REP_6_STGGNODE,REP_6_STGGNODE,RTPD,MCL,LMP_LOSS_PRC,REP_6_STGGNODE,ALL,1,-0.63511,4,4
2022-09-02T04:45:00-00:00,2022-09-02T05:00:00-00:00,2022-09-01,22,REP_6_STGGNODE,REP_6_STGGNODE,REP_6_STGGNODE,RTPD,MCL,LMP_LOSS_PRC,REP_6_STGGNODE,ALL,1,-3.04236,4,4
2022-09-02T05:45:00-00:00,2022-09-02T06:00:00-00:00,2022-09-01,23,REP_6_STGGNODE,REP_6_STGGNODE,REP_6_STGGNODE,RTPD,MCL,LMP_LOSS_PRC,REP_6_STGGNODE,ALL,1,-2.77295,4,4
2022-09-02T06:45:00-00:00,2022-09-02T07:00:00-00:00,2022-09-01,24,REP_6_STGGNODE,REP_6_STGGNODE,REP_6_STGGNODE,RTPD,MCL,LMP_LOSS_PRC,REP_6_STGGNODE,ALL,1,-2.89392,4,4
2022-09-01T07:00:00-00:00,2022-09-01T07:15:00-00:00,2022-09-01,01,REP_6_STGGNODE,REP_6_STGGNODE,REP_6_STGGNODE,RTPD,MGHG,LMP_GHG_PRC,REP_6_STGGNODE,ALL,1,0,1,5
2022-09-01T08:00:00-00:00,2022-09-01T08:15:00-00:00,2022-09-01,02,REP_6_STGGNODE,REP_6_STGGNODE,REP_6_STGGNODE,RTPD,MGHG,LMP_GHG_PRC,REP_6_STGGNODE,ALL,1,0,1,5
2022-09-01T09:00:00-00:00,2022-09-01T09:15:00-00:00,2022-09-01,03,REP_6_STGGNODE,REP_6_STGGNODE,REP_6_STGGNODE,RTPD,MGHG,LMP_GHG_PRC,REP_6_STGGNODE,ALL,1,0,1,5
2022-09-01T10:00:00-00:00,2022-09-01T10:15:00-00:00,2022-09-01,04,REP_6_STGGNODE,REP_6_STGGNODE,REP_6_STGGNODE,RTPD,MGHG,LMP_GHG_PRC,REP_6_STGGNODE,ALL,1,0,1,5
2022-09-01T11:00:00-00:00,2022-09-01T11:15:00-00:00,2022-09-01,05,REP_6_STGGNODE,REP_6_STGGNODE,REP_6_STGGNODE,RTPD,MGHG,LMP_GHG_PRC,REP_6_STGGNODE,ALL,1,0,1,5
2022-09-01T12:00:00-00:00,2022-09-01T12:15:00-00:00,2022-09-01,06,REP_6_STGGNODE,REP_6_STGGNODE,REP_6_STGGNODE,RTPD,MGHG,LMP_GHG_PRC,REP_6_STGGNODE,ALL,1,0,1,5
2022-09-01T13:00:00-00:00,2022-09-01T13:15:00-00:00,2022-09-01,07,REP_6_STGGNODE,REP_6_STGGNODE,REP_6_STGGNODE,RTPD,MGHG,LMP_GHG_PRC,REP_6_STGGNODE,ALL,1,0,1,5
2022-09-01T14:00:00-00:00,2022-09-01T14:15:00-00:00,2022-09-01,08,REP_6_STGGNODE,REP_6_STGGNODE,REP_6_STGGNODE,RTPD,MGHG,LMP_GHG_PRC,REP_6_STGGNODE,ALL,1,0,1,5
2022-09-01T15:00:00-00:00,2022-09-01T15:15:00-00:00,2022-09-01,09,REP_6_STGGNODE,REP_6_STGGNODE,REP_6_STGGNODE,RTPD,MGHG,LMP_GHG_PRC,REP_6_STGGNODE,ALL,1,0,1,5
2022-09-01T16:00:00-00:00,2022-09-01T16:15:00-00:00,2022-09-01,10,REP_6_STGGNODE,REP_6_STGGNODE,REP_6_STGGNODE,RTPD,MGHG,LMP_GHG_PRC,REP_6_STGGNODE,ALL,1,0,1,5
2022-09-01T17:00:00-00:00,2022-09-01T17:15:00-00:00,2022-09-01,11,REP_6_STGGNODE,REP_6_STGGNODE,REP_6_STGGNODE,RTPD,MGHG,LMP_GHG_PRC,REP_6_STGGNODE,ALL,1,0,1,5
2022-09-01T18:00:00-00:00,2022-09-01T18:15:00-00:00,2022-09-01,12,REP_6_STGGNODE,REP_6_STGGNODE,REP_6_STGGNODE,RTPD,MGHG,LMP_GHG_PRC,REP_6_STGGNODE,ALL,1,0,1,5
2022-09-01T19:00:00-00:00,2022-09-01T19:15:00-00:00,2022-09-01,13,REP_6_STGGNODE,REP_6_STGGNODE,REP_6_STGGNODE,RTPD,MGHG,LMP_GHG_PRC,REP_6_STGGNODE,ALL,1,0,1,5
2022-09-01T20:00:00-00:00,2022-09-01T20:15:00-00:00,2022-09-01,14,REP_6_STGGNODE,REP_6_STGGNODE,REP_6_STGGNODE,RTPD,MGHG,LMP_GHG_PRC,REP_6_STGGNODE,ALL,1,0,1,5
2022-09-01T21:00:00-00:00,2022-09-01T21:15:00-00:00,2022-09-01,15,REP_6_STGGNODE,REP_6_STGGNODE,REP_6_STGGNODE,RTPD,MGHG,LMP_GHG_PRC,REP_6_STGGNODE,ALL,1,0,1,5
2022-09-01T22:00:00-00:00,2022-09-01T22:15:00-00:00,2022-09-01,16,REP_6_STGGNODE,REP_6_STGGNODE,REP_6_STGGNODE,RTPD,MGHG,LMP_GHG_PRC,REP_6_STGGNODE,ALL,1,0,1,5
2022-09-01T23:00:00-00:00,2022-09-01T23:15:00-00:00,2022-09-01,17,REP_6_STGGNODE,REP_6_STGGNODE,REP_6_STGGNODE,RTPD,MGHG,LMP_GHG_PRC,REP_6_STGGNODE,ALL,1,0,1,5
2022-09-02T00:00:00-00:00,2022-09-02T00:15:00-00:00,2022-09-01,18,REP_6_STGGNODE,REP_6_STGGNODE,REP_6_STGGNODE,RTPD,MGHG,LMP_GHG_PRC,REP_6_STGGNODE,ALL,1,0,1,5
2022-09-02T01:00:00-00:00,2022-09-02T01:15:00-00:00,2022-09-01,19,REP_6_STGGNODE,REP_6_STGGNODE,REP_6_STGGNODE,RTPD,MGHG,LMP_GHG_PRC,REP_6_STGGNODE,ALL,1,0,1,5
2022-09-02T02:00:00-00:00,2022-09-02T02:15:00-00:00,2022-09-01,20,REP_6_STGGNODE,REP_6_STGGNODE,REP_6_STGGNODE,RTPD,MGHG,LMP_GHG_PRC,REP_6_STGGNODE,ALL,1,0,1,5
2022-09-02T03:00:00-00:00,2022-09-02T03:15:00-00:00,2022-09-01,21,REP_6_STGGNODE,REP_6_STGGNODE,REP_6_STGGNODE,RTPD,MGHG,LMP_GHG_PRC,REP_6_STGGNODE,ALL,1,0,1,5
2022-09-02T04:00:00-00:00,2022-09-02T04:15:00-00:00,2022-09-01,22,REP_6_STGGNODE,REP_6_STGGNODE,REP_6_STGGNODE,RTPD,MGHG,LMP_GHG_PRC,REP_6_STGGNODE,ALL,1,0,1,5
2022-09-02T05:00:00-00:00,2022-09-02T05:15:00-00:00,2022-09-01,23,REP_6_STGGNODE,REP_6_STGGNODE,REP_6_STGGNODE,RTPD,MGHG,LMP_GHG_PRC,REP_6_STGGNODE,ALL,1,0,1,5
2022-09-02T06:00:00-00:00,2022-09-02T06:15:00-00:00,2022-09-01,24,REP_6_STGGNODE,REP_6_STGGNODE,REP_6_STGGNODE,RTPD,MGHG,LMP_GHG_PRC,REP_6_STGGNODE,ALL,1,0,1,5
2022-09-01T07:15:00-00:00,2022-09-01T07:30:00-00:00,2022-09-01,01,REP_6_STGGNODE,REP_6_STGGNODE,REP_6_STGGNODE,RTPD,MGHG,LMP_GHG_PRC,REP_6_STGGNODE,ALL,1,0,2,5
2022-09-01T08:15:00-00:00,2022-09-01T08:30:00-00:00,2022-09-01,02,REP_6_STGGNODE,REP_6_STGGNODE,REP_6_STGGNODE,RTPD,MGHG,LMP_GHG_PRC,REP_6_STGGNODE,ALL,1,0,2,5
2022-09-01T09:15:00-00:00,2022-09-01T09:30:00-00:00,2022-09-01,03,REP_6_STGGNODE,REP_6_STGGNODE,REP_6_STGGNODE,RTPD,MGHG,LMP_GHG_PRC,REP_6_STGGNODE,ALL,1,0,2,5
2022-09-01T10:15:00-00:00,2022-09-01T10:30:00-00:00,2022-09-01,04,REP_6_STGGNODE,REP_6_STGGNODE,REP_6_STGGNODE,RTPD,MGHG,LMP_GHG_PRC,REP_6_STGGNODE,ALL,1,0,2,5
2022-09-01T11:15:00-00:00,2022-09-01T11:30:00-00:00,2022-09-01,05,REP_6_STGGNODE,REP_6_STGGNODE,REP_6_STGGNODE,RTPD,MGHG,LMP_GHG_PRC,REP_6_STGGNODE,ALL,1,0,2,5
2022-09-01T12:15:00-00:00,2022-09-01T12:30:00-00:00,2022-09-01,06,REP_6_STGGNODE,REP_6_STGGNODE,REP_6_STGGNODE,RTPD,MGHG,LMP_GHG_PRC,REP_6_STGGNODE,ALL,1,0,2,5
2022-09-01T13:15:00-00:00,2022-09-01T13:30:00-00:00,2022-09-01,07,REP_6_STGGNODE,REP_6_STGGNODE,REP_6_STGGNODE,RTPD,MGHG,LMP_GHG_PRC,REP_6_STGGNODE,ALL,1,0,2,5
2022-09-01T14:15:00-00:00,2022-09-01T14:30:00-00:00,2022-09-01,08,REP_6_STGGNODE,REP_6_STGGNODE,REP_6_STGGNODE,RTPD,MGHG,LMP_GHG_PRC,REP_6_STGGNODE,ALL,1,0,2,5
2022-09-01T15:15:00-00:00,2022-09-01T15:30:00-00:00,2022-09-01,09,REP_6_STGGNODE,REP_6_STGGNODE,REP_6_STGGNODE,RTPD,MGHG,LMP_GHG_PRC,REP_6_STGGNODE,ALL,1,0,2,5
2022-09-01T16:15:00-00:00,2022-09-01T16:30:00-00:00,2022-09-01,10,REP_6_STGGNODE,REP_6_STGGNODE,REP_6_STGGNODE,RTPD,MGHG,LMP_GHG_PRC,REP_6_STGGNODE,ALL,1,0,2,5
2022-09-01T17:15:00-00:00,2022-09-01T17:30:00-00:00,2022-09-01,11,REP_6_STGGNODE,REP_6_STGGNODE,REP_6_STGGNODE,RTPD,MGHG,LMP_GHG_PRC,REP_6_STGGNODE,ALL,1,0,2,5
2022-09-01T18:15:00-00:00,2022-09-01T18:30:00-00:00,2022-09-01,12,REP_6_STGGNODE,REP_6_STGGNODE,REP_6_STGGNODE,RTPD,MGHG,LMP_GHG_PRC,REP_6_STGGNODE,ALL,1,0,2,5
2022-09-01T19:15:00-00:00,2022-09-01T19:30:00-00:00,2022-09-01,13,REP_6_STGGNODE,REP_6_STGGNODE,REP_6_STGGNODE,RTPD,MGHG,LMP_GHG_PRC,REP_6_STGGNODE,ALL,1,0,2,5
2022-09-01T20:15:00-00:00,2022-09-01T20:30:00-00:00,2022-09-01,14,REP_6_STGGNODE,REP_6_STGGNODE,REP_6_STGGNODE,RTPD,MGHG,LMP_GHG_PRC,REP_6_STGGNODE,ALL,1,0,2,5
2022-09-01T21:15:00-00:00,2022-09-01T21:30:00-00:00,2022-09-01,15,REP_6_STGGNODE,REP_6_STGGNODE,REP_6_STGGNODE,RTPD,MGHG,LMP_GHG_PRC,REP_6_STGGNODE,ALL,1,0,2,5
2022-09-01T22:15:00-00:00,2022-09-01T22:30:00-00:00,2022-09-01,16,REP_6_STGGNODE,REP_6_STGGNODE,REP_6_STGGNODE,RTPD,MGHG,LMP_GHG_PRC,REP_6_STGGNODE,ALL,1,0,2,5
2022-09-01T23:15:00-00:00,2022-09-01T23:30:00-00:00,2022-09-01,17,REP_6_STGGNODE,REP_6_STGGNODE,REP_6_STGGNODE,RTPD,MGHG,LMP_GHG_PRC,REP_6_STGGNODE,ALL,1,0,2,5
2022-09-02T00:15:00-00:00,2022-09-02T00:30:00-00:00,2022-09-01,18,REP_6_STGGNODE,REP_6_STGGNODE,REP_6_STGGNODE,RTPD,MGHG,LMP_GHG_PRC,REP_6_STGGNODE,ALL,1,0,2,5
2022-09-02T01:15:00-00:00,2022-09-02T01:30:00-00:00,2022-09-01,19,REP_6_STGGNODE,REP_6_STGGNODE,REP_6_STGGNODE,RTPD,MGHG,LMP_GHG_PRC,REP_6_STGGNODE,ALL,1,0,2,5
2022-09-02T02:15:00-00:00,2022-09-02T02:30:00-00:00,2022-09-01,20,REP_6_STGGNODE,REP_6_STGGNODE,REP_6_STGGNODE,RTPD,MGHG,LMP_GHG_PRC,REP_6_STGGNODE,ALL,1,0,2,5
2022-09-02T03:15:00-00:00,2022-09-02T03:30:00-00:00,2022-09-01,21,REP_6_STGGNODE,REP_6_STGGNODE,REP_6_STGGNODE,RTPD,MGHG,LMP_GHG_PRC,REP_6_STGGNODE,ALL,1,0,2,5
2022-09-02T04:15:00-00:00,2022-09-02T04:30:00-00:00,2022-09-01,22,REP_6_STGGNODE,REP_6_STGGNODE,REP_6_STGGNODE,RTPD,MGHG,LMP_GHG_PRC,REP_6_STGGNODE,ALL,1,0,2,5
2022-09-02T05:15:00-00:00,2022-09-02T05:30:00-00:00,2022-09-01,23,REP_6_STGGNODE,REP_6_STGGNODE,REP_6_STGGNODE,RTPD,MGHG,LMP_GHG_PRC,REP_6_STGGNODE,ALL,1,0,2,5
2022-09-02T06:15:00-00:00,2022-09-02T06:30:00-00:00,2022-09-01,24,REP_6_STGGNODE,REP_6_STGGNODE,REP_6_STGGNODE,RTPD,MGHG,LMP_GHG_PRC,REP_6_STGGNODE,ALL,1,0,2,5
2022-09-01T07:30:00-00:00,2022-09-01T07:45:00-00:00,2022-09-01,01,REP_6_STGGNODE,REP_6_STGGNODE,REP_6_STGGNODE,RTPD,MGHG,LMP_GHG_PRC,REP_6_STGGNODE,ALL,1,0,3,5
2022-09-01T08:30:00-00:00,2022-09-01T08:45:00-00:00,2022-09-01,02,REP_6_STGGNODE,REP_6_STGGNODE,REP_6_STGGNODE,RTPD,MGHG,LMP_GHG_PRC,REP_6_STGGNODE,ALL,1,0,3,5
2022-09-01T09:30:00-00:00,2022-09-01T09:45:00-00:00,2022-09-01,03,REP_6_STGGNODE,REP_6_STGGNODE,REP_6_STGGNODE,RTPD,MGHG,LMP_GHG_PRC,REP_6_STGGNODE,ALL,1,0,3,5
2022-09-01T10:30:00-00:00,2022-09-01T10:45:00-00:00,2022-09-01,04,REP_6_STGGNODE,REP_6_STGGNODE,REP_6_STGGNODE,RTPD,MGHG,LMP_GHG_PRC,REP_6_STGGNODE,ALL,1,0,3,5
2022-09-01T11:30:00-00:00,2022-09-01T11:45:00-00:00,2022-09-01,05,REP_6_STGGNODE,REP_6_STGGNODE,REP_6_STGGNODE,RTPD,MGHG,LMP_GHG_PRC,REP_6_STGGNODE,ALL,1,0,3,5
2022-09-01T12:30:00-00:00,2022-09-01T12:45:00-00:00,2022-09-01,06,REP_6_STGGNODE,REP_6_STGGNODE,REP_6_STGGNODE,RTPD,MGHG,LMP_GHG_PRC,REP_6_STGGNODE,ALL,1,0,3,5
2022-09-01T13:30:00-00:00,2022-09-01T13:45:00-00:00,2022-09-01,07,REP_6_STGGNODE,REP_6_STGGNODE,REP_6_STGGNODE,RTPD,MGHG,LMP_GHG_PRC,REP_6_STGGNODE,ALL,1,0,3,5
2022-09-01T14:30:00-00:00,2022-09-01T14:45:00-00:00,2022-09-01,08,REP_6_STGGNODE,REP_6_STGGNODE,REP_6_STGGNODE,RTPD,MGHG,LMP_GHG_PRC,REP_6_STGGNODE,ALL,1,0,3,5
2022-09-01T15:30:00-00:00,2022-09-01T15:45:00-00:00,2022-09-01,09,REP_6_STGGNODE,REP_6_STGGNODE,REP_6_STGGNODE,RTPD,MGHG,LMP_GHG_PRC,REP_6_STGGNODE,ALL,1,0,3,5
2022-09-01T16:30:00-00:00,2022-09-01T16:45:00-00:00,2022-09-01,10,REP_6_STGGNODE,REP_6_STGGNODE,REP_6_STGGNODE,RTPD,MGHG,LMP_GHG_PRC,REP_6_STGGNODE,ALL,1,0,3,5
2022-09-01T17:30:00-00:00,2022-09-01T17:45:00-00:00,2022-09-01,11,REP_6_STGGNODE,REP_6_STGGNODE,REP_6_STGGNODE,RTPD,MGHG,LMP_GHG_PRC,REP_6_STGGNODE,ALL,1,0,3,5
2022-09-01T18:30:00-00:00,2022-09-01T18:45:00-00:00,2022-09-01,12,REP_6_STGGNODE,REP_6_STGGNODE,REP_6_STGGNODE,RTPD,MGHG,LMP_GHG_PRC,REP_6_STGGNODE,ALL,1,0,3,5
2022-09-01T19:30:00-00:00,2022-09-01T19:45:00-00:00,2022-09-01,13,REP_6_STGGNODE,REP_6_STGGNODE,REP_6_STGGNODE,RTPD,MGHG,LMP_GHG_PRC,REP_6_STGGNODE,ALL,1,0,3,5
2022-09-01T20:30:00-00:00,2022-09-01T20:45:00-00:00,2022-09-01,14,REP_6_STGGNODE,REP_6_STGGNODE,REP_6_STGGNODE,RTPD,MGHG,LMP_GHG_PRC,REP_6_STGGNODE,ALL,1,0,3,5
2022-09-01T21:30:00-00:00,2022-09-01T21:45:00-00:00,2022-09-01,15,REP_6_STGGNODE,REP_6_STGGNODE,REP_6_STGGNODE,RTPD,MGHG,LMP_GHG_PRC,REP_6_STGGNODE,ALL,1,0,3,5
2022-09-01T22:30:00-00:00,2022-09-01T22:45:00-00:00,2022-09-01,16,REP_6_STGGNODE,REP_6_STGGNODE,REP_6_STGGNODE,RTPD,MGHG,LMP_GHG_PRC,REP_6_STGGNODE,ALL,1,0,3,5
2022-09-01T23:30:00-00:00,2022-09-01T23:45:00-00:00,2022-09-01,17,REP_6_STGGNODE,REP_6_STGGNODE,REP_6_STGGNODE,RTPD,MGHG,LMP_GHG_PRC,REP_6_STGGNODE,ALL,1,0,3,5
2022-09-02T00:30:00-00:00,2022-09-02T00:45:00-00:00,2022-09-01,18,REP_6_STGGNODE,REP_6_STGGNODE,REP_6_STGGNODE,RTPD,MGHG,LMP_GHG_PRC,REP_6_STGGNODE,ALL,1,0,3,5
2022-09-02T01:30:00-00:00,2022-09-02T01:45:00-00:00,2022-09-01,19,REP_6_STGGNODE,REP_6_STGGNODE,REP_6_STGGNODE,RTPD,MGHG,LMP_GHG_PRC,REP_6_STGGNODE,ALL,1,0,3,5
2022-09-02T02:30:00-00:00,2022-09-02T02:45:00-00:00,2022-09-01,20,REP_6_STGGNODE,REP_6_STGGNODE,REP_6_STGGNODE,RTPD,MGHG,LMP_GHG_PRC,REP_6_STGGNODE,ALL,1,0,3,5
2022-09-02T03:30:00-00:00,2022-09-02T03:45:00-00:00,2022-09-01,21,REP_6_STGGNODE,REP_6_STGGNODE,REP_6_STGGNODE,RTPD,MGHG,LMP_GHG_PRC,REP_6_STGGNODE,ALL,1,0,3,5
2022-09-02T04:30:00-00:00,2022-09-02T04:45:00-00:00,2022-09-01,22,REP_6_STGGNODE,REP_6_STGGNODE,REP_6_STGGNODE,RTPD,MGHG,LMP_GHG_PRC,REP_6_STGGNODE,ALL,1,0,3,5
2022-09-02T05:30:00-00:00,2022-09-02T05:45:00-00:00,2022-09-01,23,REP_6_STGGNODE,REP_6_STGGNODE,REP_6_STGGNODE,RTPD,MGHG,LMP_GHG_PRC,REP_6_STGGNODE,ALL,1,0,3,5
2022-09-02T06:30:00-00:00,2022-09-02T06:45:00-00:00,2022-09-01,24,REP_6_STGGNODE,REP_6_STGGNODE,REP_6_STGGNODE,RTPD,MGHG,LMP_GHG_PRC,REP_6_STGGNODE,ALL,1,0,3,5
2022-09-01T07:45:00-00:00,2022-09-01T08:00:00-00:00,2022-09-01,01,REP_6_STGGNODE,REP_6_STGGNODE,REP_6_STGGNODE,RTPD,MGHG,LMP_GHG_PRC,REP_6_STGGNODE,ALL,1,0,4,5
2022-09-01T08:45:00-00:00,2022-09-01T09:00:00-00:00,2022-09-01,02,REP_6_STGGNODE,REP_6_STGGNODE,REP_6_STGGNODE,RTPD,MGHG,LMP_GHG_PRC,REP_6_STGGNODE,ALL,1,0,4,5
2022-09-01T09:45:00-00:00,2022-09-01T10:00:00-00:00,2022-09-01,03,REP_6_STGGNODE,REP_6_STGGNODE,REP_6_STGGNODE,RTPD,MGHG,LMP_GHG_PRC,REP_6_STGGNODE,ALL,1,0,4,5
2022-09-01T10:45:00-00:00,2022-09-01T11:00:00-00:00,2022-09-01,04,REP_6_STGGNODE,REP_6_STGGNODE,REP_6_STGGNODE,RTPD,MGHG,LMP_GHG_PRC,REP_6_STGGNODE,ALL,1,0,4,5
2022-09-01T11:45:00-00:00,2022-09-01T12:00:00-00:00,2022-09-01,05,REP_6_STGGNODE,REP_6_STGGNODE,REP_6_STGGNODE,RTPD,MGHG,LMP_GHG_PRC,REP_6_STGGNODE,ALL,1,0,4,5
2022-09-01T12:45:00-00:00,2022-09-01T13:00:00-00:00,2022-09-01,06,REP_6_STGGNODE,REP_6_STGGNODE,REP_6_STGGNODE,RTPD,MGHG,LMP_GHG_PRC,REP_6_STGGNODE,ALL,1,0,4,5
2022-09-01T13:45:00-00:00,2022-09-01T14:00:00-00:00,2022-09-01,07,REP_6_STGGNODE,REP_6_STGGNODE,REP_6_STGGNODE,RTPD,MGHG,LMP_GHG_PRC,REP_6_STGGNODE,ALL,1,0,4,5
2022-09-01T14:45:00-00:00,2022-09-01T15:00:00-00:00,2022-09-01,08,REP_6_STGGNODE,REP_6_STGGNODE,REP_6_STGGNODE,RTPD,MGHG,LMP_GHG_PRC,REP_6_STGGNODE,ALL,1,0,4,5
2022-09-01T15:45:00-00:00,2022-09-01T16:00:00-00:00,2022-09-01,09,REP_6_STGGNODE,REP_6_STGGNODE,REP_6_STGGNODE,RTPD,MGHG,LMP_GHG_PRC,REP_6_STGGNODE,ALL,1,0,4,5
2022-09-01T16:45:00-00:00,2022-09-01T17:00:00-00:00,2022-09-01,10,REP_6_STGGNODE,REP_6_STGGNODE,REP_6_STGGNODE,RTPD,MGHG,LMP_GHG_PRC,REP_6_STGGNODE,ALL,1,0,4,5
2022-09-01T17:45:00-00:00,2022-09-01T18:00:00-00:00,2022-09-01,11,REP_6_STGGNODE,REP_6_STGGNODE,REP_6_STGGNODE,RTPD,MGHG,LMP_GHG_PRC,REP_6_STGGNODE,ALL,1,0,4,5
2022-09-01T18:45:00-00:00,2022-09-01T19:00:00-00:00,2022-09-01,12,REP_6_STGGNODE,REP_6_STGGNODE,REP_6_STGGNODE,RTPD,MGHG,LMP_GHG_PRC,REP_6_STGGNODE,ALL,1,0,4,5
2022-09-01T19:45:00-00:00,2022-09-01T20:00:00-00:00,2022-09-01,13,REP_6_STGGNODE,REP_6_STGGNODE,REP_6_STGGNODE,RTPD,MGHG,LMP_GHG_PRC,REP_6_STGGNODE,ALL,1,0,4,5
2022-09-01T20:45:00-00:00,2022-09-01T21:00:00-00:00,2022-09-01,14,REP_6_STGGNODE,REP_6_STGGNODE,REP_6_STGGNODE,RTPD,MGHG,LMP_GHG_PRC,REP_6_STGGNODE,ALL,1,0,4,5
2022-09-01T21:45:00-00:00,2022-09-01T22:00:00-00:00,2022-09-01,15,REP_6_STGGNODE,REP_6_STGGNODE,REP_6_STGGNODE,RTPD,MGHG,LMP_GHG_PRC,REP_6_STGGNODE,ALL,1,0,4,5
2022-09-01T22:45:00-00:00,2022-09-01T23:00:00-00:00,2022-09-01,16,REP_6_STGGNODE,REP_6_STGGNODE,REP_6_STGGNODE,RTPD,MGHG,LMP_GHG_PRC,REP_6_STGGNODE,ALL,1,0,4,5
2022-09-01T23:45:00-00:00,2022-09-02T00:00:00-00:00,2022-09-01,17,REP_6_STGGNODE,REP_6_STGGNODE,REP_6_STGGNODE,RTPD,MGHG,LMP_GHG_PRC,REP_6_STGGNODE,ALL,1,0,4,5
2022-09-02T00:45:00-00:00,2022-09-02T01:00:00-00:00,2022-09-01,18,REP_6_STGGNODE,REP_6_STGGNODE,REP_6_STGGNODE,RTPD,MGHG,LMP_GHG_PRC,REP_6_STGGNODE,ALL,1,0,4,5
2022-09-02T01:45:00-00:00,2022-09-02T02:00:00-00:00,2022-09-01,19,REP_6_STGGNODE,REP_6_STGGNODE,REP_6_STGGNODE,RTPD,MGHG,LMP_GHG_PRC,REP_6_STGGNODE,ALL,1,0,4,5
2022-09-02T02:45:00-00:00,2022-09-02T03:00:00-00:00,2022-09-01,20,REP_6_STGGNODE,REP_6_STGGNODE,REP_6_STGGNODE,RTPD,MGHG,LMP_GHG_PRC,REP_6_STGGNODE,ALL,1,0,4,5
2022-09-02T03:45:00-00:00,2022-09-02T04:00:00-00:00,2022-09-01,21,REP_6_STGGNODE,REP_6_STGGNODE,REP_6_STGGNODE,RTPD,MGHG,LMP_GHG_PRC,REP_6_STGGNODE,ALL,1,0,4,5
2022-09-02T04:45:00-00:00,2022-09-02T05:00:00-00:00,2022-09-01,22,REP_6_STGGNODE,REP_6_STGGNODE,REP_6_STGGNODE,RTPD,MGHG,LMP_GHG_PRC,REP_6_STGGNODE,ALL,1,0,4,5
2022-09-02T05:45:00-00:00,2022-09-02T06:00:00-00:00,2022-09-01,23,REP_6_STGGNODE,REP_6_STGGNODE,REP_6_STGGNODE,RTPD,MGHG,LMP_GHG_PRC,REP_6_STGGNODE,ALL,1,0,4,5
2022-09-02T06:45:00-00:00,2022-09-02T07:00:00-00:00,2022-09-01,24,REP_6_STGGNODE,REP_6_STGGNODE,REP_6_STGGNODE,RTPD,MGHG,LMP_GHG_PRC,REP_6_STGGNODE,ALL,1,0,4,5
