,Unnamed: 0,Lat,Lng,PNODE_ID,Type,ISO,NodeLMP,NodeMCC,NodeMCE,Average MCC
0,52,32.11432399998879,-106.84841683416694,AFTON_3_AFTONCTGNODE,GEN,PNM,"<img src=""./data/NODE_LMP_Plots/AFTON_3_AFTONCTGNODE/NodeLMP.png"" width=""200"" height=""120""/>","<img src=""./data/NODE_LMP_Plots/AFTON_3_AFTONCTGNODE/NodeMCC.png"" width=""200"" height=""120""/>","<img src=""./data/NODE_LMP_Plots/AFTON_3_AFTONCTGNODE/NodeMCE.png"" width=""200"" height=""120""/>",-62.963856562500006
1,53,32.11432399998879,-106.84852316583306,AFTON_3_AFTONSTGNODE,GEN,PNM,"<img src=""./data/NODE_LMP_Plots/AFTON_3_AFTONSTGNODE/NodeLMP.png"" width=""200"" height=""120""/>","<img src=""./data/NODE_LMP_Plots/AFTON_3_AFTONSTGNODE/NodeMCC.png"" width=""200"" height=""120""/>","<img src=""./data/NODE_LMP_Plots/AFTON_3_AFTONSTGNODE/NodeMCE.png"" width=""200"" height=""120""/>",-62.963856562500006
2,101,32.863658,-105.999137,ALAMOGCP_1_ALAMOPVGNODE,GEN,PNM,"<img src=""./data/NODE_LMP_Plots/ALAMOGCP_1_ALAMOPVGNODE/NodeLMP.png"" width=""200"" height=""120""/>","<img src=""./data/NODE_LMP_Plots/ALAMOGCP_1_ALAMOPVGNODE/NodeMCC.png"" width=""200"" height=""120""/>","<img src=""./data/NODE_LMP_Plots/ALAMOGCP_1_ALAMOPVGNODE/NodeMCE.png"" width=""200"" height=""120""/>",-63.66968697916666
3,102,32.975434,-105.974688,ALAMOGCP_1_OTEROPVGNODE,GEN,PNM,"<img src=""./data/NODE_LMP_Plots/ALAMOGCP_1_OTEROPVGNODE/NodeLMP.png"" width=""200"" height=""120""/>","<img src=""./data/NODE_LMP_Plots/ALAMOGCP_1_OTEROPVGNODE/NodeMCC.png"" width=""200"" height=""120""/>","<img src=""./data/NODE_LMP_Plots/ALAMOGCP_1_OTEROPVGNODE/NodeMCE.png"" width=""200"" height=""120""/>",-63.66968697916666
4,149,32.565392,-107.466737,ALLN_1_ALLN SOLARGNODE,GEN,PNM,"<img src=""./data/NODE_LMP_Plots/ALLN_1_ALLN SOLARGNODE/NodeLMP.png"" width=""200"" height=""120""/>","<img src=""./data/NODE_LMP_Plots/ALLN_1_ALLN SOLARGNODE/NodeMCC.png"" width=""200"" height=""120""/>","<img src=""./data/NODE_LMP_Plots/ALLN_1_ALLN SOLARGNODE/NodeMCE.png"" width=""200"" height=""120""/>",-63.31254489583332
5,278,35.643336,-105.208497,ARRIBAT_1_LASVEGASPVGNODE,GEN,PNM,"<img src=""./data/NODE_LMP_Plots/ARRIBAT_1_LASVEGASPVGNODE/NodeLMP.png"" width=""200"" height=""120""/>","<img src=""./data/NODE_LMP_Plots/ARRIBAT_1_LASVEGASPVGNODE/NodeMCC.png"" width=""200"" height=""120""/>","<img src=""./data/NODE_LMP_Plots/ARRIBAT_1_LASVEGASPVGNODE/NodeMCE.png"" width=""200"" height=""120""/>",-72.55338489583333
6,279,35.64111799998742,-105.18087479471204,ARRIBA_1_SANMIGUEL1PVGNODE,GEN,PNM,"<img src=""./data/NODE_LMP_Plots/ARRIBA_1_SANMIGUEL1PVGNODE/NodeLMP.png"" width=""200"" height=""120""/>","<img src=""./data/NODE_LMP_Plots/ARRIBA_1_SANMIGUEL1PVGNODE/NodeMCC.png"" width=""200"" height=""120""/>","<img src=""./data/NODE_LMP_Plots/ARRIBA_1_SANMIGUEL1PVGNODE/NodeMCE.png"" width=""200"" height=""120""/>",-72.55338489583333
7,280,35.64111799998742,-105.18098520528798,ARRIBA_1_SANMIGUEL2PVGNODE,GEN,PNM,"<img src=""./data/NODE_LMP_Plots/ARRIBA_1_SANMIGUEL2PVGNODE/NodeLMP.png"" width=""200"" height=""120""/>","<img src=""./data/NODE_LMP_Plots/ARRIBA_1_SANMIGUEL2PVGNODE/NodeMCC.png"" width=""200"" height=""120""/>","<img src=""./data/NODE_LMP_Plots/ARRIBA_1_SANMIGUEL2PVGNODE/NodeMCE.png"" width=""200"" height=""120""/>",-72.55338489583333
8,282,34.65067831389528,-104.01434503683612,ARROYO_1_ARROYOBATTERYGNODE,GEN,PNM,"<img src=""./data/NODE_LMP_Plots/ARROYO_1_ARROYOBATTERYGNODE/NodeLMP.png"" width=""200"" height=""120""/>","<img src=""./data/NODE_LMP_Plots/ARROYO_1_ARROYOBATTERYGNODE/NodeMCC.png"" width=""200"" height=""120""/>","<img src=""./data/NODE_LMP_Plots/ARROYO_1_ARROYOBATTERYGNODE/NodeMCE.png"" width=""200"" height=""120""/>",-78.71352656250001
9,283,34.65059999995065,-104.0142900737761,ARROYO_1_ARROYOSOLARGNODE,GEN,PNM,"<img src=""./data/NODE_LMP_Plots/ARROYO_1_ARROYOSOLARGNODE/NodeLMP.png"" width=""200"" height=""120""/>","<img src=""./data/NODE_LMP_Plots/ARROYO_1_ARROYOSOLARGNODE/NodeMCC.png"" width=""200"" height=""120""/>","<img src=""./data/NODE_LMP_Plots/ARROYO_1_ARROYOSOLARGNODE/NodeMCE.png"" width=""200"" height=""120""/>",-78.71352656250001
10,412,37.70469,-121.0418,BANGS_LNODEKGC,LOAD,BANC,"<img src=""./data/NODE_LMP_Plots/BANGS_LNODEKGC/NodeLMP.png"" width=""200"" height=""120""/>","<img src=""./data/NODE_LMP_Plots/BANGS_LNODEKGC/NodeMCC.png"" width=""200"" height=""120""/>","<img src=""./data/NODE_LMP_Plots/BANGS_LNODEKGC/NodeMCE.png"" width=""200"" height=""120""/>",19.25544760416666
11,523,34.616633,-106.815587,BELEN_1_LALUZGNODE,GEN,PNM,"<img src=""./data/NODE_LMP_Plots/BELEN_1_LALUZGNODE/NodeLMP.png"" width=""200"" height=""120""/>","<img src=""./data/NODE_LMP_Plots/BELEN_1_LALUZGNODE/NodeMCC.png"" width=""200"" height=""120""/>","<img src=""./data/NODE_LMP_Plots/BELEN_1_LALUZGNODE/NodeMCE.png"" width=""200"" height=""120""/>",-73.41321583333333
12,859,37.66621999998627,-120.97704287657282,BRGSMR_LNODEGZB,LOAD,BANC,"<img src=""./data/NODE_LMP_Plots/BRGSMR_LNODEGZB/NodeLMP.png"" width=""200"" height=""120""/>","<img src=""./data/NODE_LMP_Plots/BRGSMR_LNODEGZB/NodeMCC.png"" width=""200"" height=""120""/>","<img src=""./data/NODE_LMP_Plots/BRGSMR_LNODEGZB/NodeMCE.png"" width=""200"" height=""120""/>",18.51485593749999
13,860,37.66621999998627,-120.97715712342718,BRGSMR_LNODETHU,LOAD,BANC,"<img src=""./data/NODE_LMP_Plots/BRGSMR_LNODETHU/NodeLMP.png"" width=""200"" height=""120""/>","<img src=""./data/NODE_LMP_Plots/BRGSMR_LNODETHU/NodeMCC.png"" width=""200"" height=""120""/>","<img src=""./data/NODE_LMP_Plots/BRGSMR_LNODETHU/NodeMCE.png"" width=""200"" height=""120""/>",18.51485593749999
14,867,35.012058,-106.095783,BRITTON_1_BRITTONPVGNODE,GEN,PNM,"<img src=""./data/NODE_LMP_Plots/BRITTON_1_BRITTONPVGNODE/NodeLMP.png"" width=""200"" height=""120""/>","<img src=""./data/NODE_LMP_Plots/BRITTON_1_BRITTONPVGNODE/NodeMCC.png"" width=""200"" height=""120""/>","<img src=""./data/NODE_LMP_Plots/BRITTON_1_BRITTONPVGNODE/NodeMCE.png"" width=""200"" height=""120""/>",-74.28516729166665
15,1062,38.7956669999859,-120.6219594423665,CAM_GNODE1,GEN,BANC,"<img src=""./data/NODE_LMP_Plots/CAM_GNODE1/NodeLMP.png"" width=""200"" height=""120""/>","<img src=""./data/NODE_LMP_Plots/CAM_GNODE1/NodeMCC.png"" width=""200"" height=""120""/>","<img src=""./data/NODE_LMP_Plots/CAM_GNODE1/NodeMCE.png"" width=""200"" height=""120""/>",12.498299479166663
16,1063,38.7956669999859,-120.6220745576335,CAM_GNODE2,GEN,BANC,"<img src=""./data/NODE_LMP_Plots/CAM_GNODE2/NodeLMP.png"" width=""200"" height=""120""/>","<img src=""./data/NODE_LMP_Plots/CAM_GNODE2/NodeMCC.png"" width=""200"" height=""120""/>","<img src=""./data/NODE_LMP_Plots/CAM_GNODE2/NodeMCE.png"" width=""200"" height=""120""/>",12.498299479166663
17,1418,34.65052168608005,-104.01434503693996,CIBOLA_1_ROUTE66GNODE,GEN,PNM,"<img src=""./data/NODE_LMP_Plots/CIBOLA_1_ROUTE66GNODE/NodeLMP.png"" width=""200"" height=""120""/>","<img src=""./data/NODE_LMP_Plots/CIBOLA_1_ROUTE66GNODE/NodeMCC.png"" width=""200"" height=""120""/>","<img src=""./data/NODE_LMP_Plots/CIBOLA_1_ROUTE66GNODE/NodeMCE.png"" width=""200"" height=""120""/>",-74.18849802083332
18,1420,38.445751,-121.462621,CIG_GNODEPKR,GEN,BANC,"<img src=""./data/NODE_LMP_Plots/CIG_GNODEPKR/NodeLMP.png"" width=""200"" height=""120""/>","<img src=""./data/NODE_LMP_Plots/CIG_GNODEPKR/NodeMCC.png"" width=""200"" height=""120""/>","<img src=""./data/NODE_LMP_Plots/CIG_GNODEPKR/NodeMCE.png"" width=""200"" height=""120""/>",12.687013645833327
19,1444,37.71028,-120.9688,CLARIBEL_LNODEGFP,LOAD,BANC,"<img src=""./data/NODE_LMP_Plots/CLARIBEL_LNODEGFP/NodeLMP.png"" width=""200"" height=""120""/>","<img src=""./data/NODE_LMP_Plots/CLARIBEL_LNODEGFP/NodeMCC.png"" width=""200"" height=""120""/>","<img src=""./data/NODE_LMP_Plots/CLARIBEL_LNODEGFP/NodeMCE.png"" width=""200"" height=""120""/>",18.369331354166658
20,1474,37.63938999998621,-120.91954289863077,CLAUS_LNODEKSN,LOAD,BANC,"<img src=""./data/NODE_LMP_Plots/CLAUS_LNODEKSN/NodeLMP.png"" width=""200"" height=""120""/>","<img src=""./data/NODE_LMP_Plots/CLAUS_LNODEKSN/NodeMCC.png"" width=""200"" height=""120""/>","<img src=""./data/NODE_LMP_Plots/CLAUS_LNODEKSN/NodeMCE.png"" width=""200"" height=""120""/>",18.575470416666654
21,1475,37.63938999998621,-120.91965710136924,CLAUS_LNODESME,LOAD,BANC,"<img src=""./data/NODE_LMP_Plots/CLAUS_LNODESME/NodeLMP.png"" width=""200"" height=""120""/>","<img src=""./data/NODE_LMP_Plots/CLAUS_LNODESME/NodeMCC.png"" width=""200"" height=""120""/>","<img src=""./data/NODE_LMP_Plots/CLAUS_LNODESME/NodeMCE.png"" width=""200"" height=""120""/>",18.575470416666654
22,1508,34.80926422838272,-106.525602,CLINESCO_3_ELCABOWF1GNODE,GEN,PNM,"<img src=""./data/NODE_LMP_Plots/CLINESCO_3_ELCABOWF1GNODE/NodeLMP.png"" width=""200"" height=""120""/>","<img src=""./data/NODE_LMP_Plots/CLINESCO_3_ELCABOWF1GNODE/NodeMCC.png"" width=""200"" height=""120""/>","<img src=""./data/NODE_LMP_Plots/CLINESCO_3_ELCABOWF1GNODE/NodeMCE.png"" width=""200"" height=""120""/>",-74.88676187500002
23,1509,34.80918288579527,-106.52554480163823,CLINESCO_3_ELCABOWF2GNODE,GEN,PNM,"<img src=""./data/NODE_LMP_Plots/CLINESCO_3_ELCABOWF2GNODE/NodeLMP.png"" width=""200"" height=""120""/>","<img src=""./data/NODE_LMP_Plots/CLINESCO_3_ELCABOWF2GNODE/NodeMCC.png"" width=""200"" height=""120""/>","<img src=""./data/NODE_LMP_Plots/CLINESCO_3_ELCABOWF2GNODE/NodeMCE.png"" width=""200"" height=""120""/>",-74.88676187500002
24,1552,36.468438,-104.635097,CMFS_1_SOLA_CIMGNODE,GEN,PNM,"<img src=""./data/NODE_LMP_Plots/CMFS_1_SOLA_CIMGNODE/NodeLMP.png"" width=""200"" height=""120""/>","<img src=""./data/NODE_LMP_Plots/CMFS_1_SOLA_CIMGNODE/NodeMCC.png"" width=""200"" height=""120""/>","<img src=""./data/NODE_LMP_Plots/CMFS_1_SOLA_CIMGNODE/NodeMCE.png"" width=""200"" height=""120""/>",-70.7061303125
25,1590,34.744085,-106.653449,COLLEGE_1_MANZANOPVGNODE,GEN,PNM,"<img src=""./data/NODE_LMP_Plots/COLLEGE_1_MANZANOPVGNODE/NodeLMP.png"" width=""200"" height=""120""/>","<img src=""./data/NODE_LMP_Plots/COLLEGE_1_MANZANOPVGNODE/NodeMCC.png"" width=""200"" height=""120""/>","<img src=""./data/NODE_LMP_Plots/COLLEGE_1_MANZANOPVGNODE/NodeMCE.png"" width=""200"" height=""120""/>",-73.87187416666667
26,1591,34.741417,-106.657062,COLLEGE_1_VISTAPVGNODE,GEN,PNM,"<img src=""./data/NODE_LMP_Plots/COLLEGE_1_VISTAPVGNODE/NodeLMP.png"" width=""200"" height=""120""/>","<img src=""./data/NODE_LMP_Plots/COLLEGE_1_VISTAPVGNODE/NodeMCC.png"" width=""200"" height=""120""/>","<img src=""./data/NODE_LMP_Plots/COLLEGE_1_VISTAPVGNODE/NodeMCE.png"" width=""200"" height=""120""/>",-73.87187416666667
27,1762,36.240083,-106.423086,COYTEJCT_6_ABIQUIUHYDROGNODE,GEN,PNM,"<img src=""./data/NODE_LMP_Plots/COYTEJCT_6_ABIQUIUHYDROGNODE/NodeLMP.png"" width=""200"" height=""120""/>","<img src=""./data/NODE_LMP_Plots/COYTEJCT_6_ABIQUIUHYDROGNODE/NodeMCC.png"" width=""200"" height=""120""/>","<img src=""./data/NODE_LMP_Plots/COYTEJCT_6_ABIQUIUHYDROGNODE/NodeMCE.png"" width=""200"" height=""120""/>",-75.28303197916668
28,1839,40.64683999998475,-122.62710042533163,CRR_7_UNIT1GNODE,GEN,BANC,"<img src=""./data/NODE_LMP_Plots/CRR_7_UNIT1GNODE/NodeLMP.png"" width=""200"" height=""120""/>","<img src=""./data/NODE_LMP_Plots/CRR_7_UNIT1GNODE/NodeMCC.png"" width=""200"" height=""120""/>","<img src=""./data/NODE_LMP_Plots/CRR_7_UNIT1GNODE/NodeMCE.png"" width=""200"" height=""120""/>",8.192979479166668
29,1840,40.64683999998475,-122.62721957466836,CRR_7_UNIT2GNODE,GEN,BANC,"<img src=""./data/NODE_LMP_Plots/CRR_7_UNIT2GNODE/NodeLMP.png"" width=""200"" height=""120""/>","<img src=""./data/NODE_LMP_Plots/CRR_7_UNIT2GNODE/NodeMCC.png"" width=""200"" height=""120""/>","<img src=""./data/NODE_LMP_Plots/CRR_7_UNIT2GNODE/NodeMCE.png"" width=""200"" height=""120""/>",8.192979479166668
30,2210,37.69681945189631,-120.41992431977502,DONPEDRO_6_MIDUNIT1GNODE,GEN,BANC,"<img src=""./data/NODE_LMP_Plots/DONPEDRO_6_MIDUNIT1GNODE/NodeLMP.png"" width=""200"" height=""120""/>","<img src=""./data/NODE_LMP_Plots/DONPEDRO_6_MIDUNIT1GNODE/NodeMCC.png"" width=""200"" height=""120""/>","<img src=""./data/NODE_LMP_Plots/DONPEDRO_6_MIDUNIT1GNODE/NodeMCE.png"" width=""200"" height=""120""/>",16.11066864583333
31,2211,37.696638577993326,-120.41992432005384,DONPEDRO_6_MIDUNIT2GNODE,GEN,BANC,"<img src=""./data/NODE_LMP_Plots/DONPEDRO_6_MIDUNIT2GNODE/NodeLMP.png"" width=""200"" height=""120""/>","<img src=""./data/NODE_LMP_Plots/DONPEDRO_6_MIDUNIT2GNODE/NodeMCC.png"" width=""200"" height=""120""/>","<img src=""./data/NODE_LMP_Plots/DONPEDRO_6_MIDUNIT2GNODE/NodeMCE.png"" width=""200"" height=""120""/>",16.11066864583333
32,2212,37.696638577993326,-120.42015290994614,DONPEDRO_6_MIDUNIT3GNODE,GEN,BANC,"<img src=""./data/NODE_LMP_Plots/DONPEDRO_6_MIDUNIT3GNODE/NodeLMP.png"" width=""200"" height=""120""/>","<img src=""./data/NODE_LMP_Plots/DONPEDRO_6_MIDUNIT3GNODE/NodeMCC.png"" width=""200"" height=""120""/>","<img src=""./data/NODE_LMP_Plots/DONPEDRO_6_MIDUNIT3GNODE/NodeMCE.png"" width=""200"" height=""120""/>",18.369335208333325
33,2213,37.69681945189631,-120.42015291022496,DONPEDRO_6_MIDUNIT4GNODE,GEN,BANC,"<img src=""./data/NODE_LMP_Plots/DONPEDRO_6_MIDUNIT4GNODE/NodeLMP.png"" width=""200"" height=""120""/>","<img src=""./data/NODE_LMP_Plots/DONPEDRO_6_MIDUNIT4GNODE/NodeMCC.png"" width=""200"" height=""120""/>","<img src=""./data/NODE_LMP_Plots/DONPEDRO_6_MIDUNIT4GNODE/NodeMCE.png"" width=""200"" height=""120""/>",16.11066864583333
34,2512,36.522221,-108.155098,ELBUTTE_1_ELBUTTEHYDROGNODE,GEN,PNM,"<img src=""./data/NODE_LMP_Plots/ELBUTTE_1_ELBUTTEHYDROGNODE/NodeLMP.png"" width=""200"" height=""120""/>","<img src=""./data/NODE_LMP_Plots/ELBUTTE_1_ELBUTTEHYDROGNODE/NodeMCC.png"" width=""200"" height=""120""/>","<img src=""./data/NODE_LMP_Plots/ELBUTTE_1_ELBUTTEHYDROGNODE/NodeMCE.png"" width=""200"" height=""120""/>",-65.62419958333332
35,2521,34.80918288579527,-106.52565919836177,ELCERRO_1_MEADOWLAKEPVGNODE,GEN,PNM,"<img src=""./data/NODE_LMP_Plots/ELCERRO_1_MEADOWLAKEPVGNODE/NodeLMP.png"" width=""200"" height=""120""/>","<img src=""./data/NODE_LMP_Plots/ELCERRO_1_MEADOWLAKEPVGNODE/NodeMCC.png"" width=""200"" height=""120""/>","<img src=""./data/NODE_LMP_Plots/ELCERRO_1_MEADOWLAKEPVGNODE/NodeMCE.png"" width=""200"" height=""120""/>",-73.93429104166664
36,2551,38.254784,-121.278195,ELK_GNODEBOE,GEN,BANC,"<img src=""./data/NODE_LMP_Plots/ELK_GNODEBOE/NodeLMP.png"" width=""200"" height=""120""/>","<img src=""./data/NODE_LMP_Plots/ELK_GNODEBOE/NodeMCC.png"" width=""200"" height=""120""/>","<img src=""./data/NODE_LMP_Plots/ELK_GNODEBOE/NodeMCE.png"" width=""200"" height=""120""/>",12.701696041666665
37,2552,38.365542,-121.41692,ELK_GNODEBRU,GEN,BANC,"<img src=""./data/NODE_LMP_Plots/ELK_GNODEBRU/NodeLMP.png"" width=""200"" height=""120""/>","<img src=""./data/NODE_LMP_Plots/ELK_GNODEBRU/NodeMCC.png"" width=""200"" height=""120""/>","<img src=""./data/NODE_LMP_Plots/ELK_GNODEBRU/NodeMCE.png"" width=""200"" height=""120""/>",12.701696041666665
38,2553,38.350107,-121.408849,ELK_GNODEESC,GEN,BANC,"<img src=""./data/NODE_LMP_Plots/ELK_GNODEESC/NodeLMP.png"" width=""200"" height=""120""/>","<img src=""./data/NODE_LMP_Plots/ELK_GNODEESC/NodeMCC.png"" width=""200"" height=""120""/>","<img src=""./data/NODE_LMP_Plots/ELK_GNODEESC/NodeMCE.png"" width=""200"" height=""120""/>",12.701696041666665
39,2554,38.364956,-121.38109,ELK_GNODEKAM,GEN,BANC,"<img src=""./data/NODE_LMP_Plots/ELK_GNODEKAM/NodeLMP.png"" width=""200"" height=""120""/>","<img src=""./data/NODE_LMP_Plots/ELK_GNODEKAM/NodeMCC.png"" width=""200"" height=""120""/>","<img src=""./data/NODE_LMP_Plots/ELK_GNODEKAM/NodeMCE.png"" width=""200"" height=""120""/>",12.701696041666665
40,2555,38.239794,-121.337571,ELK_GNODEKOS,GEN,BANC,"<img src=""./data/NODE_LMP_Plots/ELK_GNODEKOS/NodeLMP.png"" width=""200"" height=""120""/>","<img src=""./data/NODE_LMP_Plots/ELK_GNODEKOS/NodeMCC.png"" width=""200"" height=""120""/>","<img src=""./data/NODE_LMP_Plots/ELK_GNODEKOS/NodeMCE.png"" width=""200"" height=""120""/>",12.701696041666665
41,2556,38.302534,-121.296522,ELK_GNODEMCK,GEN,BANC,"<img src=""./data/NODE_LMP_Plots/ELK_GNODEMCK/NodeLMP.png"" width=""200"" height=""120""/>","<img src=""./data/NODE_LMP_Plots/ELK_GNODEMCK/NodeMCC.png"" width=""200"" height=""120""/>","<img src=""./data/NODE_LMP_Plots/ELK_GNODEMCK/NodeMCE.png"" width=""200"" height=""120""/>",12.701696041666665
42,2557,38.339226,-121.431903,ELK_GNODEPTP,GEN,BANC,"<img src=""./data/NODE_LMP_Plots/ELK_GNODEPTP/NodeLMP.png"" width=""200"" height=""120""/>","<img src=""./data/NODE_LMP_Plots/ELK_GNODEPTP/NodeMCC.png"" width=""200"" height=""120""/>","<img src=""./data/NODE_LMP_Plots/ELK_GNODEPTP/NodeMCE.png"" width=""200"" height=""120""/>",12.701696041666665
43,2558,38.344405,-121.123591,ELK_GNODERSS,GEN,BANC,"<img src=""./data/NODE_LMP_Plots/ELK_GNODERSS/NodeLMP.png"" width=""200"" height=""120""/>","<img src=""./data/NODE_LMP_Plots/ELK_GNODERSS/NodeMCC.png"" width=""200"" height=""120""/>","<img src=""./data/NODE_LMP_Plots/ELK_GNODERSS/NodeMCE.png"" width=""200"" height=""120""/>",12.701696041666665
44,2559,38.342876,-121.119841,ELK_GNODETWI,GEN,BANC,"<img src=""./data/NODE_LMP_Plots/ELK_GNODETWI/NodeLMP.png"" width=""200"" height=""120""/>","<img src=""./data/NODE_LMP_Plots/ELK_GNODETWI/NodeMCC.png"" width=""200"" height=""120""/>","<img src=""./data/NODE_LMP_Plots/ELK_GNODETWI/NodeMCE.png"" width=""200"" height=""120""/>",12.701696041666665
45,2621,37.65224426097517,-121.0013,ENSLEN_LNODEHKQ,LOAD,BANC,"<img src=""./data/NODE_LMP_Plots/ENSLEN_LNODEHKQ/NodeLMP.png"" width=""200"" height=""120""/>","<img src=""./data/NODE_LMP_Plots/ENSLEN_LNODEHKQ/NodeMCC.png"" width=""200"" height=""120""/>","<img src=""./data/NODE_LMP_Plots/ENSLEN_LNODEHKQ/NodeMCE.png"" width=""200"" height=""120""/>",18.578969583333322
46,2622,37.65216286949752,-121.001240647499,ENSLEN_LNODELOU,LOAD,BANC,"<img src=""./data/NODE_LMP_Plots/ENSLEN_LNODELOU/NodeLMP.png"" width=""200"" height=""120""/>","<img src=""./data/NODE_LMP_Plots/ENSLEN_LNODELOU/NodeMCC.png"" width=""200"" height=""120""/>","<img src=""./data/NODE_LMP_Plots/ENSLEN_LNODELOU/NodeMCE.png"" width=""200"" height=""120""/>",18.578969583333322
47,2623,37.65216286949752,-121.001359352501,ENSLEN_LNODEWFN,LOAD,BANC,"<img src=""./data/NODE_LMP_Plots/ENSLEN_LNODEWFN/NodeLMP.png"" width=""200"" height=""120""/>","<img src=""./data/NODE_LMP_Plots/ENSLEN_LNODEWFN/NodeMCC.png"" width=""200"" height=""120""/>","<img src=""./data/NODE_LMP_Plots/ENSLEN_LNODEWFN/NodeMCE.png"" width=""200"" height=""120""/>",18.578969583333322
48,2792,36.68590699998685,-108.48496001961313,FC_3_PNM_FCST4GNODE,GEN,PNM,"<img src=""./data/NODE_LMP_Plots/FC_3_PNM_FCST4GNODE/NodeLMP.png"" width=""200"" height=""120""/>","<img src=""./data/NODE_LMP_Plots/FC_3_PNM_FCST4GNODE/NodeMCC.png"" width=""200"" height=""120""/>","<img src=""./data/NODE_LMP_Plots/FC_3_PNM_FCST4GNODE/NodeMCE.png"" width=""200"" height=""120""/>",-78.71352656250001
49,2793,36.68590699998685,-108.48507198038686,FC_5_PNM_FCST5GNODE,GEN,PNM,"<img src=""./data/NODE_LMP_Plots/FC_5_PNM_FCST5GNODE/NodeLMP.png"" width=""200"" height=""120""/>","<img src=""./data/NODE_LMP_Plots/FC_5_PNM_FCST5GNODE/NodeMCC.png"" width=""200"" height=""120""/>","<img src=""./data/NODE_LMP_Plots/FC_5_PNM_FCST5GNODE/NodeMCE.png"" width=""200"" height=""120""/>",-90.11540979166666
50,2856,38.762778,-121.356944,FIY_LNODE0LD,LOAD,BANC,"<img src=""./data/NODE_LMP_Plots/FIY_LNODE0LD/NodeLMP.png"" width=""200"" height=""120""/>","<img src=""./data/NODE_LMP_Plots/FIY_LNODE0LD/NodeMCC.png"" width=""200"" height=""120""/>","<img src=""./data/NODE_LMP_Plots/FIY_LNODE0LD/NodeMCE.png"" width=""200"" height=""120""/>",12.11312697916666
51,2898,38.70678387306045,-121.15846,FOLSOM_7_UNIT1GNODE,GEN,BANC,"<img src=""./data/NODE_LMP_Plots/FOLSOM_7_UNIT1GNODE/NodeLMP.png"" width=""200"" height=""120""/>","<img src=""./data/NODE_LMP_Plots/FOLSOM_7_UNIT1GNODE/NodeMCC.png"" width=""200"" height=""120""/>","<img src=""./data/NODE_LMP_Plots/FOLSOM_7_UNIT1GNODE/NodeMCE.png"" width=""200"" height=""120""/>",12.418705624999996
52,2899,38.70670306345457,-121.1584002127184,FOLSOM_7_UNIT2GNODE,GEN,BANC,"<img src=""./data/NODE_LMP_Plots/FOLSOM_7_UNIT2GNODE/NodeLMP.png"" width=""200"" height=""120""/>","<img src=""./data/NODE_LMP_Plots/FOLSOM_7_UNIT2GNODE/NodeMCC.png"" width=""200"" height=""120""/>","<img src=""./data/NODE_LMP_Plots/FOLSOM_7_UNIT2GNODE/NodeMCE.png"" width=""200"" height=""120""/>",12.418705624999996
53,2900,38.70670306345457,-121.1585197872816,FOLSOM_7_UNIT3GNODE,GEN,BANC,"<img src=""./data/NODE_LMP_Plots/FOLSOM_7_UNIT3GNODE/NodeLMP.png"" width=""200"" height=""120""/>","<img src=""./data/NODE_LMP_Plots/FOLSOM_7_UNIT3GNODE/NodeMCC.png"" width=""200"" height=""120""/>","<img src=""./data/NODE_LMP_Plots/FOLSOM_7_UNIT3GNODE/NodeMCE.png"" width=""200"" height=""120""/>",12.418705624999996
54,3392,34.828829,-105.001307,GUADALUP_3_ARAGONNEWFGNODE,GEN,PNM,"<img src=""./data/NODE_LMP_Plots/GUADALUP_3_ARAGONNEWFGNODE/NodeLMP.png"" width=""200"" height=""120""/>","<img src=""./data/NODE_LMP_Plots/GUADALUP_3_ARAGONNEWFGNODE/NodeMCC.png"" width=""200"" height=""120""/>","<img src=""./data/NODE_LMP_Plots/GUADALUP_3_ARAGONNEWFGNODE/NodeMCE.png"" width=""200"" height=""120""/>",-74.88676187500002
55,3618,37.75083,-120.8453,HERSHEY_LNODESLL,LOAD,BANC,"<img src=""./data/NODE_LMP_Plots/HERSHEY_LNODESLL/NodeLMP.png"" width=""200"" height=""120""/>","<img src=""./data/NODE_LMP_Plots/HERSHEY_LNODESLL/NodeMCC.png"" width=""200"" height=""120""/>","<img src=""./data/NODE_LMP_Plots/HERSHEY_LNODESLL/NodeMCE.png"" width=""200"" height=""120""/>",20.47476708333333
56,3619,37.7508299999447,-120.8451856244636,HERSHEY_LNODEXF1,LOAD,BANC,"<img src=""./data/NODE_LMP_Plots/HERSHEY_LNODEXF1/NodeLMP.png"" width=""200"" height=""120""/>","<img src=""./data/NODE_LMP_Plots/HERSHEY_LNODEXF1/NodeMCC.png"" width=""200"" height=""120""/>","<img src=""./data/NODE_LMP_Plots/HERSHEY_LNODEXF1/NodeMCE.png"" width=""200"" height=""120""/>",20.47476708333333
57,3620,37.75073956547022,-120.8453,HERSHEY_LNODEXF2,LOAD,BANC,"<img src=""./data/NODE_LMP_Plots/HERSHEY_LNODEXF2/NodeLMP.png"" width=""200"" height=""120""/>","<img src=""./data/NODE_LMP_Plots/HERSHEY_LNODEXF2/NodeMCC.png"" width=""200"" height=""120""/>","<img src=""./data/NODE_LMP_Plots/HERSHEY_LNODEXF2/NodeMCE.png"" width=""200"" height=""120""/>",20.47476708333333
58,3621,37.7508299999447,-120.8454143755364,HERSHEY_LNODEXF3,LOAD,BANC,"<img src=""./data/NODE_LMP_Plots/HERSHEY_LNODEXF3/NodeLMP.png"" width=""200"" height=""120""/>","<img src=""./data/NODE_LMP_Plots/HERSHEY_LNODEXF3/NodeMCC.png"" width=""200"" height=""120""/>","<img src=""./data/NODE_LMP_Plots/HERSHEY_LNODEXF3/NodeMCE.png"" width=""200"" height=""120""/>",20.47476708333333
59,3622,37.7509204345297,-120.8453,HERSHEY_LNODEXF4,LOAD,BANC,"<img src=""./data/NODE_LMP_Plots/HERSHEY_LNODEXF4/NodeLMP.png"" width=""200"" height=""120""/>","<img src=""./data/NODE_LMP_Plots/HERSHEY_LNODEXF4/NodeMCC.png"" width=""200"" height=""120""/>","<img src=""./data/NODE_LMP_Plots/HERSHEY_LNODEXF4/NodeMCE.png"" width=""200"" height=""120""/>",20.47476708333333
60,3778,32.169082,-107.754199,HONDALE_1_DEMINGPVGNODE,GEN,PNM,"<img src=""./data/NODE_LMP_Plots/HONDALE_1_DEMINGPVGNODE/NodeLMP.png"" width=""200"" height=""120""/>","<img src=""./data/NODE_LMP_Plots/HONDALE_1_DEMINGPVGNODE/NodeMCC.png"" width=""200"" height=""120""/>","<img src=""./data/NODE_LMP_Plots/HONDALE_1_DEMINGPVGNODE/NodeMCE.png"" width=""200"" height=""120""/>",-61.833126354166666
61,3864,32.69388999998859,-108.22755676263536,HURLEY_LNODERLEY,GEN,PNM,"<img src=""./data/NODE_LMP_Plots/HURLEY_LNODERLEY/NodeLMP.png"" width=""200"" height=""120""/>","<img src=""./data/NODE_LMP_Plots/HURLEY_LNODERLEY/NodeMCC.png"" width=""200"" height=""120""/>","<img src=""./data/NODE_LMP_Plots/HURLEY_LNODERLEY/NodeMCE.png"" width=""200"" height=""120""/>",-60.60124833333331
62,4053,32.78246999998868,-108.09847673240463,IVANHOE_LNODENHOE,GEN,PNM,"<img src=""./data/NODE_LMP_Plots/IVANHOE_LNODENHOE/NodeLMP.png"" width=""200"" height=""120""/>","<img src=""./data/NODE_LMP_Plots/IVANHOE_LNODENHOE/NodeMCC.png"" width=""200"" height=""120""/>","<img src=""./data/NODE_LMP_Plots/IVANHOE_LNODENHOE/NodeMCE.png"" width=""200"" height=""120""/>",-60.33272156249999
63,4074,32.69388999998859,-108.22766323736464,JARALES_1_RIOCOMMPVGNODE,GEN,PNM,"<img src=""./data/NODE_LMP_Plots/JARALES_1_RIOCOMMPVGNODE/NodeLMP.png"" width=""200"" height=""120""/>","<img src=""./data/NODE_LMP_Plots/JARALES_1_RIOCOMMPVGNODE/NodeMCC.png"" width=""200"" height=""120""/>","<img src=""./data/NODE_LMP_Plots/JARALES_1_RIOCOMMPVGNODE/NodeMCE.png"" width=""200"" height=""120""/>",-73.55578135416668
64,4079,38.8340749999859,-120.53173542894449,JAY_GNODE1,GEN,BANC,"<img src=""./data/NODE_LMP_Plots/JAY_GNODE1/NodeLMP.png"" width=""200"" height=""120""/>","<img src=""./data/NODE_LMP_Plots/JAY_GNODE1/NodeMCC.png"" width=""200"" height=""120""/>","<img src=""./data/NODE_LMP_Plots/JAY_GNODE1/NodeMCE.png"" width=""200"" height=""120""/>",12.477056562499998
65,4080,38.8340749999859,-120.5318505710555,JAY_GNODE2,GEN,BANC,"<img src=""./data/NODE_LMP_Plots/JAY_GNODE2/NodeLMP.png"" width=""200"" height=""120""/>","<img src=""./data/NODE_LMP_Plots/JAY_GNODE2/NodeMCC.png"" width=""200"" height=""120""/>","<img src=""./data/NODE_LMP_Plots/JAY_GNODE2/NodeMCE.png"" width=""200"" height=""120""/>",12.477056562499998
66,4098,38.850279,-120.381901,JFK_GNODET,GEN,BANC,"<img src=""./data/NODE_LMP_Plots/JFK_GNODET/NodeLMP.png"" width=""200"" height=""120""/>","<img src=""./data/NODE_LMP_Plots/JFK_GNODET/NodeMCC.png"" width=""200"" height=""120""/>","<img src=""./data/NODE_LMP_Plots/JFK_GNODET/NodeMCE.png"" width=""200"" height=""120""/>",12.492246874999998
67,4249,40.61187423412586,-122.44664,KESWIK_7_UNIT 1GNODE,GEN,BANC,"<img src=""./data/NODE_LMP_Plots/KESWIK_7_UNIT 1GNODE/NodeLMP.png"" width=""200"" height=""120""/>","<img src=""./data/NODE_LMP_Plots/KESWIK_7_UNIT 1GNODE/NodeMCC.png"" width=""200"" height=""120""/>","<img src=""./data/NODE_LMP_Plots/KESWIK_7_UNIT 1GNODE/NodeMCE.png"" width=""200"" height=""120""/>",8.889776979166667
68,4250,40.6117928829205,-122.4465781296006,KESWIK_7_UNIT 2GNODE,GEN,BANC,"<img src=""./data/NODE_LMP_Plots/KESWIK_7_UNIT 2GNODE/NodeLMP.png"" width=""200"" height=""120""/>","<img src=""./data/NODE_LMP_Plots/KESWIK_7_UNIT 2GNODE/NodeMCC.png"" width=""200"" height=""120""/>","<img src=""./data/NODE_LMP_Plots/KESWIK_7_UNIT 2GNODE/NodeMCE.png"" width=""200"" height=""120""/>",8.889776979166667
69,4251,40.6117928829205,-122.4467018703994,KESWIK_7_UNIT 3GNODE,GEN,BANC,"<img src=""./data/NODE_LMP_Plots/KESWIK_7_UNIT 3GNODE/NodeLMP.png"" width=""200"" height=""120""/>","<img src=""./data/NODE_LMP_Plots/KESWIK_7_UNIT 3GNODE/NodeMCC.png"" width=""200"" height=""120""/>","<img src=""./data/NODE_LMP_Plots/KESWIK_7_UNIT 3GNODE/NodeMCE.png"" width=""200"" height=""120""/>",8.192979479166668
70,4258,37.71047,-121.0139,KIERNAN_LNODETUB,LOAD,BANC,"<img src=""./data/NODE_LMP_Plots/KIERNAN_LNODETUB/NodeLMP.png"" width=""200"" height=""120""/>","<img src=""./data/NODE_LMP_Plots/KIERNAN_LNODETUB/NodeMCC.png"" width=""200"" height=""120""/>","<img src=""./data/NODE_LMP_Plots/KIERNAN_LNODETUB/NodeMCE.png"" width=""200"" height=""120""/>",19.416098333333327
71,4286,38.466952,-121.176316,KLG_GNODEDIL,GEN,BANC,"<img src=""./data/NODE_LMP_Plots/KLG_GNODEDIL/NodeLMP.png"" width=""200"" height=""120""/>","<img src=""./data/NODE_LMP_Plots/KLG_GNODEDIL/NodeMCC.png"" width=""200"" height=""120""/>","<img src=""./data/NODE_LMP_Plots/KLG_GNODEDIL/NodeMCE.png"" width=""200"" height=""120""/>",12.61258010416666
72,4287,38.515178,-121.192617,KLG_GNODEPL,GEN,BANC,"<img src=""./data/NODE_LMP_Plots/KLG_GNODEPL/NodeLMP.png"" width=""200"" height=""120""/>","<img src=""./data/NODE_LMP_Plots/KLG_GNODEPL/NodeMCC.png"" width=""200"" height=""120""/>","<img src=""./data/NODE_LMP_Plots/KLG_GNODEPL/NodeMCE.png"" width=""200"" height=""120""/>",12.61258010416666
73,4291,40.654722,-122.389167,KNA_LNODENA2,LOAD,BANC,"<img src=""./data/NODE_LMP_Plots/KNA_LNODENA2/NodeLMP.png"" width=""200"" height=""120""/>","<img src=""./data/NODE_LMP_Plots/KNA_LNODENA2/NodeMCC.png"" width=""200"" height=""120""/>","<img src=""./data/NODE_LMP_Plots/KNA_LNODENA2/NodeMCE.png"" width=""200"" height=""120""/>",8.94537822916667
74,4364,32.78246999998868,-108.09858326759534,LAJOYA_3_LJOYA1GNODE,GEN,PNM,"<img src=""./data/NODE_LMP_Plots/LAJOYA_3_LJOYA1GNODE/NodeLMP.png"" width=""200"" height=""120""/>","<img src=""./data/NODE_LMP_Plots/LAJOYA_3_LJOYA1GNODE/NodeMCC.png"" width=""200"" height=""120""/>","<img src=""./data/NODE_LMP_Plots/LAJOYA_3_LJOYA1GNODE/NodeMCE.png"" width=""200"" height=""120""/>",-74.88676187500002
75,4365,34.634478,-106.707578,LAJOYA_3_LJOYA2GNODE,GEN,PNM,"<img src=""./data/NODE_LMP_Plots/LAJOYA_3_LJOYA2GNODE/NodeLMP.png"" width=""200"" height=""120""/>","<img src=""./data/NODE_LMP_Plots/LAJOYA_3_LJOYA2GNODE/NodeMCC.png"" width=""200"" height=""120""/>","<img src=""./data/NODE_LMP_Plots/LAJOYA_3_LJOYA2GNODE/NodeMCE.png"" width=""200"" height=""120""/>",-74.88676187500002
76,4517,31.763441,-108.538589,LIGHTDOC_1_LIGHTNINGDGEOGNODE,GEN,PNM,"<img src=""./data/NODE_LMP_Plots/LIGHTDOC_1_LIGHTNINGDGEOGNODE/NodeLMP.png"" width=""200"" height=""120""/>","<img src=""./data/NODE_LMP_Plots/LIGHTDOC_1_LIGHTNINGDGEOGNODE/NodeMCC.png"" width=""200"" height=""120""/>","<img src=""./data/NODE_LMP_Plots/LIGHTDOC_1_LIGHTNINGDGEOGNODE/NodeMCE.png"" width=""200"" height=""120""/>",-59.539159687499996
77,4582,37.68718,-121.70592,LLL_LNODELNL,GEN,BANC,"<img src=""./data/NODE_LMP_Plots/LLL_LNODELNL/NodeLMP.png"" width=""200"" height=""120""/>","<img src=""./data/NODE_LMP_Plots/LLL_LNODELNL/NodeMCC.png"" width=""200"" height=""120""/>","<img src=""./data/NODE_LMP_Plots/LLL_LNODELNL/NodeMCE.png"" width=""200"" height=""120""/>",12.888524687499995
78,4631,38.984727,-120.327931,LNL_GNODET,GEN,BANC,"<img src=""./data/NODE_LMP_Plots/LNL_GNODET/NodeLMP.png"" width=""200"" height=""120""/>","<img src=""./data/NODE_LMP_Plots/LNL_GNODET/NodeMCC.png"" width=""200"" height=""120""/>","<img src=""./data/NODE_LMP_Plots/LNL_GNODET/NodeMCE.png"" width=""200"" height=""120""/>",12.492246874999998
79,4656,34.65052168608005,-104.01445496306005,LONEMESA_7_CASAMEBATTGNODE,GEN,PNM,"<img src=""./data/NODE_LMP_Plots/LONEMESA_7_CASAMEBATTGNODE/NodeLMP.png"" width=""200"" height=""120""/>","<img src=""./data/NODE_LMP_Plots/LONEMESA_7_CASAMEBATTGNODE/NodeMCC.png"" width=""200"" height=""120""/>","<img src=""./data/NODE_LMP_Plots/LONEMESA_7_CASAMEBATTGNODE/NodeMCE.png"" width=""200"" height=""120""/>",-74.88676187500002
80,4657,34.65059999995065,-104.01450992622392,LONEMESA_7_CASAMESAWFGNODE,GEN,PNM,"<img src=""./data/NODE_LMP_Plots/LONEMESA_7_CASAMESAWFGNODE/NodeLMP.png"" width=""200"" height=""120""/>","<img src=""./data/NODE_LMP_Plots/LONEMESA_7_CASAMESAWFGNODE/NodeMCC.png"" width=""200"" height=""120""/>","<img src=""./data/NODE_LMP_Plots/LONEMESA_7_CASAMESAWFGNODE/NodeMCE.png"" width=""200"" height=""120""/>",-74.88676187500002
81,4680,32.35682099998887,-106.7894978206245,LORDBURG_1_GEN1GTGNODE,GEN,PNM,"<img src=""./data/NODE_LMP_Plots/LORDBURG_1_GEN1GTGNODE/NodeLMP.png"" width=""200"" height=""120""/>","<img src=""./data/NODE_LMP_Plots/LORDBURG_1_GEN1GTGNODE/NodeMCC.png"" width=""200"" height=""120""/>","<img src=""./data/NODE_LMP_Plots/LORDBURG_1_GEN1GTGNODE/NodeMCE.png"" width=""200"" height=""120""/>",-59.60319343749999
82,4681,32.35682099998887,-106.7896041793755,LORDBURG_1_GEN2GTGNODE,GEN,PNM,"<img src=""./data/NODE_LMP_Plots/LORDBURG_1_GEN2GTGNODE/NodeLMP.png"" width=""200"" height=""120""/>","<img src=""./data/NODE_LMP_Plots/LORDBURG_1_GEN2GTGNODE/NodeMCC.png"" width=""200"" height=""120""/>","<img src=""./data/NODE_LMP_Plots/LORDBURG_1_GEN2GTGNODE/NodeMCE.png"" width=""200"" height=""120""/>",-59.60319343749999
83,4693,34.83299,-106.774307,LOSMORRO_1_FACEBOOK1PVGNODE,GEN,PNM,"<img src=""./data/NODE_LMP_Plots/LOSMORRO_1_FACEBOOK1PVGNODE/NodeLMP.png"" width=""200"" height=""120""/>","<img src=""./data/NODE_LMP_Plots/LOSMORRO_1_FACEBOOK1PVGNODE/NodeMCC.png"" width=""200"" height=""120""/>","<img src=""./data/NODE_LMP_Plots/LOSMORRO_1_FACEBOOK1PVGNODE/NodeMCE.png"" width=""200"" height=""120""/>",-73.84405187499999
84,4694,34.830545,-106.771223,LOSMORRO_1_LOSLUNASPVGNODE,GEN,PNM,"<img src=""./data/NODE_LMP_Plots/LOSMORRO_1_LOSLUNASPVGNODE/NodeLMP.png"" width=""200"" height=""120""/>","<img src=""./data/NODE_LMP_Plots/LOSMORRO_1_LOSLUNASPVGNODE/NodeMCC.png"" width=""200"" height=""120""/>","<img src=""./data/NODE_LMP_Plots/LOSMORRO_1_LOSLUNASPVGNODE/NodeMCE.png"" width=""200"" height=""120""/>",-73.84405187499999
85,4698,35.077253999987555,-106.86276188301626,LOSTHORZ_1_FACEBOOK2PVGNODE,GEN,PNM,"<img src=""./data/NODE_LMP_Plots/LOSTHORZ_1_FACEBOOK2PVGNODE/NodeLMP.png"" width=""200"" height=""120""/>","<img src=""./data/NODE_LMP_Plots/LOSTHORZ_1_FACEBOOK2PVGNODE/NodeMCC.png"" width=""200"" height=""120""/>","<img src=""./data/NODE_LMP_Plots/LOSTHORZ_1_FACEBOOK2PVGNODE/NodeMCE.png"" width=""200"" height=""120""/>",-74.35985906249998
86,4699,35.077253999987555,-106.86287211698374,LOSTHORZ_1_FACEBOOK3PVGNODE,GEN,PNM,"<img src=""./data/NODE_LMP_Plots/LOSTHORZ_1_FACEBOOK3PVGNODE/NodeLMP.png"" width=""200"" height=""120""/>","<img src=""./data/NODE_LMP_Plots/LOSTHORZ_1_FACEBOOK3PVGNODE/NodeMCC.png"" width=""200"" height=""120""/>","<img src=""./data/NODE_LMP_Plots/LOSTHORZ_1_FACEBOOK3PVGNODE/NodeMCE.png"" width=""200"" height=""120""/>",-74.35985906249998
87,4700,35.01279,-106.856336,LOSTHORZ_1_SANTOLINAPVGNODE,GEN,PNM,"<img src=""./data/NODE_LMP_Plots/LOSTHORZ_1_SANTOLINAPVGNODE/NodeLMP.png"" width=""200"" height=""120""/>","<img src=""./data/NODE_LMP_Plots/LOSTHORZ_1_SANTOLINAPVGNODE/NodeMCC.png"" width=""200"" height=""120""/>","<img src=""./data/NODE_LMP_Plots/LOSTHORZ_1_SANTOLINAPVGNODE/NodeMCE.png"" width=""200"" height=""120""/>",-74.35985906249998
88,4752,35.171641135599224,-106.60192473289774,LUNA_3_LEFGNODE,GEN,PNM,"<img src=""./data/NODE_LMP_Plots/LUNA_3_LEFGNODE/NodeLMP.png"" width=""200"" height=""120""/>","<img src=""./data/NODE_LMP_Plots/LUNA_3_LEFGNODE/NodeMCC.png"" width=""200"" height=""120""/>","<img src=""./data/NODE_LMP_Plots/LUNA_3_LEFGNODE/NodeMCE.png"" width=""200"" height=""120""/>",-61.40996041666668
89,4866,35.25692,-107.250976,MARQUEZ_1_CIBOLAPVGNODE,GEN,PNM,"<img src=""./data/NODE_LMP_Plots/MARQUEZ_1_CIBOLAPVGNODE/NodeLMP.png"" width=""200"" height=""120""/>","<img src=""./data/NODE_LMP_Plots/MARQUEZ_1_CIBOLAPVGNODE/NodeMCC.png"" width=""200"" height=""120""/>","<img src=""./data/NODE_LMP_Plots/MARQUEZ_1_CIBOLAPVGNODE/NodeMCE.png"" width=""200"" height=""120""/>",-74.35965635416663
90,4922,37.62878413398629,-120.93128156256864,MCCLURE_1_MGSUNIT1GNODE,GEN,BANC,"<img src=""./data/NODE_LMP_Plots/MCCLURE_1_MGSUNIT1GNODE/NodeLMP.png"" width=""200"" height=""120""/>","<img src=""./data/NODE_LMP_Plots/MCCLURE_1_MGSUNIT1GNODE/NodeMCC.png"" width=""200"" height=""120""/>","<img src=""./data/NODE_LMP_Plots/MCCLURE_1_MGSUNIT1GNODE/NodeMCE.png"" width=""200"" height=""120""/>",20.562174270833324
91,4923,37.62878413398629,-120.93139574743137,MCCLURE_1_MGSUNIT2GNODE,GEN,BANC,"<img src=""./data/NODE_LMP_Plots/MCCLURE_1_MGSUNIT2GNODE/NodeLMP.png"" width=""200"" height=""120""/>","<img src=""./data/NODE_LMP_Plots/MCCLURE_1_MGSUNIT2GNODE/NodeMCC.png"" width=""200"" height=""120""/>","<img src=""./data/NODE_LMP_Plots/MCCLURE_1_MGSUNIT2GNODE/NodeMCE.png"" width=""200"" height=""120""/>",20.562174270833324
92,4928,38.652701,-121.393143,MCC_GNODEPKR,GEN,BANC,"<img src=""./data/NODE_LMP_Plots/MCC_GNODEPKR/NodeLMP.png"" width=""200"" height=""120""/>","<img src=""./data/NODE_LMP_Plots/MCC_GNODEPKR/NodeMCC.png"" width=""200"" height=""120""/>","<img src=""./data/NODE_LMP_Plots/MCC_GNODEPKR/NodeMCE.png"" width=""200"" height=""120""/>",12.159812812499993
93,4943,37.736285251,-120.994637149,MCHENRY_6_SOLARGNODE,GEN,BANC,"<img src=""./data/NODE_LMP_Plots/MCHENRY_6_SOLARGNODE/NodeLMP.png"" width=""200"" height=""120""/>","<img src=""./data/NODE_LMP_Plots/MCHENRY_6_SOLARGNODE/NodeMCC.png"" width=""200"" height=""120""/>","<img src=""./data/NODE_LMP_Plots/MCHENRY_6_SOLARGNODE/NodeMCE.png"" width=""200"" height=""120""/>",19.39966666666666
94,5012,32.77,-108.15,MD1_LNODEMINE,GEN,PNM,"<img src=""./data/NODE_LMP_Plots/MD1_LNODEMINE/NodeLMP.png"" width=""200"" height=""120""/>","<img src=""./data/NODE_LMP_Plots/MD1_LNODEMINE/NodeMCC.png"" width=""200"" height=""120""/>","<img src=""./data/NODE_LMP_Plots/MD1_LNODEMINE/NodeMCE.png"" width=""200"" height=""120""/>",-60.1831940625
95,5045,37.94641999998608,-120.53018269329807,MELONP_7_UNIT1GNODE,GEN,BANC,"<img src=""./data/NODE_LMP_Plots/MELONP_7_UNIT1GNODE/NodeLMP.png"" width=""200"" height=""120""/>","<img src=""./data/NODE_LMP_Plots/MELONP_7_UNIT1GNODE/NodeMCC.png"" width=""200"" height=""120""/>","<img src=""./data/NODE_LMP_Plots/MELONP_7_UNIT1GNODE/NodeMCE.png"" width=""200"" height=""120""/>",38.02878229166667
96,5046,37.94641999998608,-120.53029730670193,MELONP_7_UNIT2GNODE,GEN,BANC,"<img src=""./data/NODE_LMP_Plots/MELONP_7_UNIT2GNODE/NodeLMP.png"" width=""200"" height=""120""/>","<img src=""./data/NODE_LMP_Plots/MELONP_7_UNIT2GNODE/NodeMCC.png"" width=""200"" height=""120""/>","<img src=""./data/NODE_LMP_Plots/MELONP_7_UNIT2GNODE/NodeMCE.png"" width=""200"" height=""120""/>",38.02878229166667
97,5576,38.63761999998592,-121.22034248788916,NIMBUS_1_UNIT 1GNODE,GEN,BANC,"<img src=""./data/NODE_LMP_Plots/NIMBUS_1_UNIT 1GNODE/NodeLMP.png"" width=""200"" height=""120""/>","<img src=""./data/NODE_LMP_Plots/NIMBUS_1_UNIT 1GNODE/NodeMCC.png"" width=""200"" height=""120""/>","<img src=""./data/NODE_LMP_Plots/NIMBUS_1_UNIT 1GNODE/NodeMCE.png"" width=""200"" height=""120""/>",12.418705624999996
98,5577,38.63761999998592,-121.22045751211084,NIMBUS_1_UNIT 2GNODE,GEN,BANC,"<img src=""./data/NODE_LMP_Plots/NIMBUS_1_UNIT 2GNODE/NodeLMP.png"" width=""200"" height=""120""/>","<img src=""./data/NODE_LMP_Plots/NIMBUS_1_UNIT 2GNODE/NodeMCC.png"" width=""200"" height=""120""/>","<img src=""./data/NODE_LMP_Plots/NIMBUS_1_UNIT 2GNODE/NodeMCE.png"" width=""200"" height=""120""/>",12.418705624999996
99,5742,37.66746999998627,-120.95814287556452,OAKDAL_LNODEMTS,LOAD,BANC,"<img src=""./data/NODE_LMP_Plots/OAKDAL_LNODEMTS/NodeLMP.png"" width=""200"" height=""120""/>","<img src=""./data/NODE_LMP_Plots/OAKDAL_LNODEMTS/NodeMCC.png"" width=""200"" height=""120""/>","<img src=""./data/NODE_LMP_Plots/OAKDAL_LNODEMTS/NodeMCE.png"" width=""200"" height=""120""/>",18.430533645833325
100,5743,37.66746999998627,-120.95825712443548,OAKDAL_LNODENDN,LOAD,BANC,"<img src=""./data/NODE_LMP_Plots/OAKDAL_LNODENDN/NodeLMP.png"" width=""200"" height=""120""/>","<img src=""./data/NODE_LMP_Plots/OAKDAL_LNODENDN/NodeMCC.png"" width=""200"" height=""120""/>","<img src=""./data/NODE_LMP_Plots/OAKDAL_LNODENDN/NodeMCE.png"" width=""200"" height=""120""/>",18.430533645833325
101,5874,37.63168999998624,-120.9742429051075,OREGON_LNODENK1,LOAD,BANC,"<img src=""./data/NODE_LMP_Plots/OREGON_LNODENK1/NodeLMP.png"" width=""200"" height=""120""/>","<img src=""./data/NODE_LMP_Plots/OREGON_LNODENK1/NodeMCC.png"" width=""200"" height=""120""/>","<img src=""./data/NODE_LMP_Plots/OREGON_LNODENK1/NodeMCE.png"" width=""200"" height=""120""/>",18.514829895833326
102,5875,37.63168999998624,-120.9743570948925,OREGON_LNODENK2,LOAD,BANC,"<img src=""./data/NODE_LMP_Plots/OREGON_LNODENK2/NodeLMP.png"" width=""200"" height=""120""/>","<img src=""./data/NODE_LMP_Plots/OREGON_LNODENK2/NodeMCC.png"" width=""200"" height=""120""/>","<img src=""./data/NODE_LMP_Plots/OREGON_LNODENK2/NodeMCE.png"" width=""200"" height=""120""/>",18.514829895833326
103,6009,32.71,-108.31,PDTYRONE_LNODERONE,GEN,PNM,"<img src=""./data/NODE_LMP_Plots/PDTYRONE_LNODERONE/NodeLMP.png"" width=""200"" height=""120""/>","<img src=""./data/NODE_LMP_Plots/PDTYRONE_LNODERONE/NodeMCC.png"" width=""200"" height=""120""/>","<img src=""./data/NODE_LMP_Plots/PDTYRONE_LNODERONE/NodeMCE.png"" width=""200"" height=""120""/>",-60.085024583333315
104,6061,35.027677,-106.642247,PERSON_1_RIOBRAVOGNODE,GEN,PNM,"<img src=""./data/NODE_LMP_Plots/PERSON_1_RIOBRAVOGNODE/NodeLMP.png"" width=""200"" height=""120""/>","<img src=""./data/NODE_LMP_Plots/PERSON_1_RIOBRAVOGNODE/NodeMCC.png"" width=""200"" height=""120""/>","<img src=""./data/NODE_LMP_Plots/PERSON_1_RIOBRAVOGNODE/NodeMCE.png"" width=""200"" height=""120""/>",-74.54943656249999
105,6293,35.28228,-106.808219,PROGRESS_1_SANDOVALPVGNODE,GEN,PNM,"<img src=""./data/NODE_LMP_Plots/PROGRESS_1_SANDOVALPVGNODE/NodeLMP.png"" width=""200"" height=""120""/>","<img src=""./data/NODE_LMP_Plots/PROGRESS_1_SANDOVALPVGNODE/NodeMCC.png"" width=""200"" height=""120""/>","<img src=""./data/NODE_LMP_Plots/PROGRESS_1_SANDOVALPVGNODE/NodeMCE.png"" width=""200"" height=""120""/>",-74.78029510416667
106,6367,32.23751495052223,-108.54844365585338,PYGS_1_PYRAMID A1GNODE,GEN,PNM,"<img src=""./data/NODE_LMP_Plots/PYGS_1_PYRAMID A1GNODE/NodeLMP.png"" width=""200"" height=""120""/>","<img src=""./data/NODE_LMP_Plots/PYGS_1_PYRAMID A1GNODE/NodeMCC.png"" width=""200"" height=""120""/>","<img src=""./data/NODE_LMP_Plots/PYGS_1_PYRAMID A1GNODE/NodeMCE.png"" width=""200"" height=""120""/>",-59.539159687499996
107,6368,32.2373350493886,-108.54844365606394,PYGS_1_PYRAMID A2GNODE,GEN,PNM,"<img src=""./data/NODE_LMP_Plots/PYGS_1_PYRAMID A2GNODE/NodeLMP.png"" width=""200"" height=""120""/>","<img src=""./data/NODE_LMP_Plots/PYGS_1_PYRAMID A2GNODE/NodeMCC.png"" width=""200"" height=""120""/>","<img src=""./data/NODE_LMP_Plots/PYGS_1_PYRAMID A2GNODE/NodeMCE.png"" width=""200"" height=""120""/>",-59.539159687499996
108,6369,32.2373350493886,-108.54865634393606,PYGS_1_PYRAMID A3GNODE,GEN,PNM,"<img src=""./data/NODE_LMP_Plots/PYGS_1_PYRAMID A3GNODE/NodeLMP.png"" width=""200"" height=""120""/>","<img src=""./data/NODE_LMP_Plots/PYGS_1_PYRAMID A3GNODE/NodeMCC.png"" width=""200"" height=""120""/>","<img src=""./data/NODE_LMP_Plots/PYGS_1_PYRAMID A3GNODE/NodeMCE.png"" width=""200"" height=""120""/>",-59.539159687499996
109,6370,32.23751495052223,-108.54865634414664,PYGS_1_PYRAMID A4GNODE,GEN,PNM,"<img src=""./data/NODE_LMP_Plots/PYGS_1_PYRAMID A4GNODE/NodeLMP.png"" width=""200"" height=""120""/>","<img src=""./data/NODE_LMP_Plots/PYGS_1_PYRAMID A4GNODE/NodeMCC.png"" width=""200"" height=""120""/>","<img src=""./data/NODE_LMP_Plots/PYGS_1_PYRAMID A4GNODE/NodeMCE.png"" width=""200"" height=""120""/>",-59.539159687499996
110,6465,40.508785,-122.42479,RDGPOWER_1_UNIT6GNODE,GEN,BANC,"<img src=""./data/NODE_LMP_Plots/RDGPOWER_1_UNIT6GNODE/NodeLMP.png"" width=""200"" height=""120""/>","<img src=""./data/NODE_LMP_Plots/RDGPOWER_1_UNIT6GNODE/NodeMCC.png"" width=""200"" height=""120""/>","<img src=""./data/NODE_LMP_Plots/RDGPOWER_1_UNIT6GNODE/NodeMCE.png"" width=""200"" height=""120""/>",9.064251770833337
111,6487,35.272229,-107.356793,REDMESA_1_REDMESAWFGNODE,GEN,PNM,"<img src=""./data/NODE_LMP_Plots/REDMESA_1_REDMESAWFGNODE/NodeLMP.png"" width=""200"" height=""120""/>","<img src=""./data/NODE_LMP_Plots/REDMESA_1_REDMESAWFGNODE/NodeMCC.png"" width=""200"" height=""120""/>","<img src=""./data/NODE_LMP_Plots/REDMESA_1_REDMESAWFGNODE/NodeMCE.png"" width=""200"" height=""120""/>",-74.3250740625
112,6518,35.17146086430088,-106.60192473314224,REEVES_1_REEVES1GNODE,GEN,PNM,"<img src=""./data/NODE_LMP_Plots/REEVES_1_REEVES1GNODE/NodeLMP.png"" width=""200"" height=""120""/>","<img src=""./data/NODE_LMP_Plots/REEVES_1_REEVES1GNODE/NodeMCC.png"" width=""200"" height=""120""/>","<img src=""./data/NODE_LMP_Plots/REEVES_1_REEVES1GNODE/NodeMCE.png"" width=""200"" height=""120""/>",-74.64585229166666
113,6519,35.17146086430088,-106.60214526685778,REEVES_1_REEVES2GNODE,GEN,PNM,"<img src=""./data/NODE_LMP_Plots/REEVES_1_REEVES2GNODE/NodeLMP.png"" width=""200"" height=""120""/>","<img src=""./data/NODE_LMP_Plots/REEVES_1_REEVES2GNODE/NodeMCC.png"" width=""200"" height=""120""/>","<img src=""./data/NODE_LMP_Plots/REEVES_1_REEVES2GNODE/NodeMCE.png"" width=""200"" height=""120""/>",-74.64585229166666
114,6520,35.171641135599224,-106.60214526710224,REEVES_1_REEVES3GNODE,GEN,PNM,"<img src=""./data/NODE_LMP_Plots/REEVES_1_REEVES3GNODE/NodeLMP.png"" width=""200"" height=""120""/>","<img src=""./data/NODE_LMP_Plots/REEVES_1_REEVES3GNODE/NodeMCC.png"" width=""200"" height=""120""/>","<img src=""./data/NODE_LMP_Plots/REEVES_1_REEVES3GNODE/NodeMCE.png"" width=""200"" height=""120""/>",-74.71634364583332
115,6521,35.168006,-106.600187,REEVES_1_REEVESPVGNODE,GEN,PNM,"<img src=""./data/NODE_LMP_Plots/REEVES_1_REEVESPVGNODE/NodeLMP.png"" width=""200"" height=""120""/>","<img src=""./data/NODE_LMP_Plots/REEVES_1_REEVESPVGNODE/NodeMCC.png"" width=""200"" height=""120""/>","<img src=""./data/NODE_LMP_Plots/REEVES_1_REEVESPVGNODE/NodeMCE.png"" width=""200"" height=""120""/>",-74.71634364583332
116,6533,38.79255383289316,-121.381944,REP_6_CTG1GNODE,GEN,BANC,"<img src=""./data/NODE_LMP_Plots/REP_6_CTG1GNODE/NodeLMP.png"" width=""200"" height=""120""/>","<img src=""./data/NODE_LMP_Plots/REP_6_CTG1GNODE/NodeMCC.png"" width=""200"" height=""120""/>","<img src=""./data/NODE_LMP_Plots/REP_6_CTG1GNODE/NodeMCE.png"" width=""200"" height=""120""/>",12.11312697916666
117,6534,38.7924730835382,-121.3818841854756,REP_6_CTG2GNODE,GEN,BANC,"<img src=""./data/NODE_LMP_Plots/REP_6_CTG2GNODE/NodeLMP.png"" width=""200"" height=""120""/>","<img src=""./data/NODE_LMP_Plots/REP_6_CTG2GNODE/NodeMCC.png"" width=""200"" height=""120""/>","<img src=""./data/NODE_LMP_Plots/REP_6_CTG2GNODE/NodeMCE.png"" width=""200"" height=""120""/>",12.11312697916666
118,6535,38.7924730835382,-121.3820038145244,REP_6_STGGNODE,GEN,BANC,"<img src=""./data/NODE_LMP_Plots/REP_6_STGGNODE/NodeLMP.png"" width=""200"" height=""120""/>","<img src=""./data/NODE_LMP_Plots/REP_6_STGGNODE/NodeMCC.png"" width=""200"" height=""120""/>","<img src=""./data/NODE_LMP_Plots/REP_6_STGGNODE/NodeMCE.png"" width=""200"" height=""120""/>",12.11312697916666
119,6583,35.361472,-106.855934,RIOPUERC_3_ENCINOPVGNODE,GEN,PNM,"<img src=""./data/NODE_LMP_Plots/RIOPUERC_3_ENCINOPVGNODE/NodeLMP.png"" width=""200"" height=""120""/>","<img src=""./data/NODE_LMP_Plots/RIOPUERC_3_ENCINOPVGNODE/NodeMCC.png"" width=""200"" height=""120""/>","<img src=""./data/NODE_LMP_Plots/RIOPUERC_3_ENCINOPVGNODE/NodeMCE.png"" width=""200"" height=""120""/>",-74.89901854166668
120,6590,37.731585073986224,-121.125219800169,RIPON_6_RGSUNIT1GNODE,GEN,BANC,"<img src=""./data/NODE_LMP_Plots/RIPON_6_RGSUNIT1GNODE/NodeLMP.png"" width=""200"" height=""120""/>","<img src=""./data/NODE_LMP_Plots/RIPON_6_RGSUNIT1GNODE/NodeMCC.png"" width=""200"" height=""120""/>","<img src=""./data/NODE_LMP_Plots/RIPON_6_RGSUNIT1GNODE/NodeMCE.png"" width=""200"" height=""120""/>",19.12980999999999
121,6591,37.731585073986224,-121.125334147831,RIPON_6_RGSUNIT2GNODE,GEN,BANC,"<img src=""./data/NODE_LMP_Plots/RIPON_6_RGSUNIT2GNODE/NodeLMP.png"" width=""200"" height=""120""/>","<img src=""./data/NODE_LMP_Plots/RIPON_6_RGSUNIT2GNODE/NodeMCC.png"" width=""200"" height=""120""/>","<img src=""./data/NODE_LMP_Plots/RIPON_6_RGSUNIT2GNODE/NodeMCE.png"" width=""200"" height=""120""/>",19.12980999999999
122,6645,38.896627,-120.37828,ROB_GNODET,GEN,BANC,"<img src=""./data/NODE_LMP_Plots/ROB_GNODET/NodeLMP.png"" width=""200"" height=""120""/>","<img src=""./data/NODE_LMP_Plots/ROB_GNODET/NodeMCC.png"" width=""200"" height=""120""/>","<img src=""./data/NODE_LMP_Plots/ROB_GNODET/NodeMCE.png"" width=""200"" height=""120""/>",12.492246874999998
123,6696,37.68013999998623,-120.94014286544196,ROSELE_LNODEHMV,LOAD,BANC,"<img src=""./data/NODE_LMP_Plots/ROSELE_LNODEHMV/NodeLMP.png"" width=""200"" height=""120""/>","<img src=""./data/NODE_LMP_Plots/ROSELE_LNODEHMV/NodeMCC.png"" width=""200"" height=""120""/>","<img src=""./data/NODE_LMP_Plots/ROSELE_LNODEHMV/NodeMCE.png"" width=""200"" height=""120""/>",18.44890010416666
124,6697,37.68013999998623,-120.94025713455804,ROSELE_LNODERLV,LOAD,BANC,"<img src=""./data/NODE_LMP_Plots/ROSELE_LNODERLV/NodeLMP.png"" width=""200"" height=""120""/>","<img src=""./data/NODE_LMP_Plots/ROSELE_LNODERLV/NodeMCC.png"" width=""200"" height=""120""/>","<img src=""./data/NODE_LMP_Plots/ROSELE_LNODERLV/NodeMCE.png"" width=""200"" height=""120""/>",18.44890010416666
125,6698,37.64253,-121.0423,ROSEMR_LNODEAEI,LOAD,BANC,"<img src=""./data/NODE_LMP_Plots/ROSEMR_LNODEAEI/NodeLMP.png"" width=""200"" height=""120""/>","<img src=""./data/NODE_LMP_Plots/ROSEMR_LNODEAEI/NodeMCC.png"" width=""200"" height=""120""/>","<img src=""./data/NODE_LMP_Plots/ROSEMR_LNODEAEI/NodeMCE.png"" width=""200"" height=""120""/>",18.136102499999996
126,6726,38.81055599998587,-121.32355343729284,RPP2_6_CTG1GNODE,GEN,BANC,"<img src=""./data/NODE_LMP_Plots/RPP2_6_CTG1GNODE/NodeLMP.png"" width=""200"" height=""120""/>","<img src=""./data/NODE_LMP_Plots/RPP2_6_CTG1GNODE/NodeMCC.png"" width=""200"" height=""120""/>","<img src=""./data/NODE_LMP_Plots/RPP2_6_CTG1GNODE/NodeMCE.png"" width=""200"" height=""120""/>",12.196615624999998
127,6727,38.81055599998587,-121.32366856270716,RPP2_6_CTG2GNODE,GEN,BANC,"<img src=""./data/NODE_LMP_Plots/RPP2_6_CTG2GNODE/NodeLMP.png"" width=""200"" height=""120""/>","<img src=""./data/NODE_LMP_Plots/RPP2_6_CTG2GNODE/NodeMCC.png"" width=""200"" height=""120""/>","<img src=""./data/NODE_LMP_Plots/RPP2_6_CTG2GNODE/NodeMCE.png"" width=""200"" height=""120""/>",12.196615624999998
128,6740,38.761389,-121.264722,RSC_LNODE8LD,LOAD,BANC,"<img src=""./data/NODE_LMP_Plots/RSC_LNODE8LD/NodeLMP.png"" width=""200"" height=""120""/>","<img src=""./data/NODE_LMP_Plots/RSC_LNODE8LD/NodeMCC.png"" width=""200"" height=""120""/>","<img src=""./data/NODE_LMP_Plots/RSC_LNODE8LD/NodeMCE.png"" width=""200"" height=""120""/>",12.196615624999998
129,6875,36.80191599998678,-108.44229487317608,SANJUAN_3_SANJUAN1GNODE,GEN,PNM,"<img src=""./data/NODE_LMP_Plots/SANJUAN_3_SANJUAN1GNODE/NodeLMP.png"" width=""200"" height=""120""/>","<img src=""./data/NODE_LMP_Plots/SANJUAN_3_SANJUAN1GNODE/NodeMCC.png"" width=""200"" height=""120""/>","<img src=""./data/NODE_LMP_Plots/SANJUAN_3_SANJUAN1GNODE/NodeMCE.png"" width=""200"" height=""120""/>",-76.91696989583335
130,6876,36.80191599998678,-108.44240712682394,SANJUAN_3_SANJUAN4GNODE,GEN,PNM,"<img src=""./data/NODE_LMP_Plots/SANJUAN_3_SANJUAN4GNODE/NodeLMP.png"" width=""200"" height=""120""/>","<img src=""./data/NODE_LMP_Plots/SANJUAN_3_SANJUAN4GNODE/NodeMCC.png"" width=""200"" height=""120""/>","<img src=""./data/NODE_LMP_Plots/SANJUAN_3_SANJUAN4GNODE/NodeMCE.png"" width=""200"" height=""120""/>",-76.91696989583335
131,6980,35.183051,-106.810922,SCENIC_1_RIORANCHOPVGNODE,GEN,PNM,"<img src=""./data/NODE_LMP_Plots/SCENIC_1_RIORANCHOPVGNODE/NodeLMP.png"" width=""200"" height=""120""/>","<img src=""./data/NODE_LMP_Plots/SCENIC_1_RIORANCHOPVGNODE/NodeMCC.png"" width=""200"" height=""120""/>","<img src=""./data/NODE_LMP_Plots/SCENIC_1_RIORANCHOPVGNODE/NodeMCE.png"" width=""200"" height=""120""/>",-74.61844031249998
132,7007,40.62823999998475,-122.467630446325,SCR_7_UNIT1GNODE,GEN,BANC,"<img src=""./data/NODE_LMP_Plots/SCR_7_UNIT1GNODE/NodeLMP.png"" width=""200"" height=""120""/>","<img src=""./data/NODE_LMP_Plots/SCR_7_UNIT1GNODE/NodeMCC.png"" width=""200"" height=""120""/>","<img src=""./data/NODE_LMP_Plots/SCR_7_UNIT1GNODE/NodeMCE.png"" width=""200"" height=""120""/>",8.192979479166668
133,7008,40.62823999998475,-122.46774955367502,SCR_7_UNIT2GNODE,GEN,BANC,"<img src=""./data/NODE_LMP_Plots/SCR_7_UNIT2GNODE/NodeLMP.png"" width=""200"" height=""120""/>","<img src=""./data/NODE_LMP_Plots/SCR_7_UNIT2GNODE/NodeMCC.png"" width=""200"" height=""120""/>","<img src=""./data/NODE_LMP_Plots/SCR_7_UNIT2GNODE/NodeMCE.png"" width=""200"" height=""120""/>",8.192979479166668
134,7093,40.71759,-122.42247,SHASTRD_7_UNIT1GNODE,GEN,BANC,"<img src=""./data/NODE_LMP_Plots/SHASTRD_7_UNIT1GNODE/NodeLMP.png"" width=""200"" height=""120""/>","<img src=""./data/NODE_LMP_Plots/SHASTRD_7_UNIT1GNODE/NodeMCC.png"" width=""200"" height=""120""/>","<img src=""./data/NODE_LMP_Plots/SHASTRD_7_UNIT1GNODE/NodeMCE.png"" width=""200"" height=""120""/>",9.274143645833338
135,7094,40.717589999938575,-122.42235069772684,SHASTRD_7_UNIT2GNODE,GEN,BANC,"<img src=""./data/NODE_LMP_Plots/SHASTRD_7_UNIT2GNODE/NodeLMP.png"" width=""200"" height=""120""/>","<img src=""./data/NODE_LMP_Plots/SHASTRD_7_UNIT2GNODE/NodeMCC.png"" width=""200"" height=""120""/>","<img src=""./data/NODE_LMP_Plots/SHASTRD_7_UNIT2GNODE/NodeMCE.png"" width=""200"" height=""120""/>",9.274143645833338
136,7095,40.71749957673847,-122.42247,SHASTRD_7_UNIT3GNODE,GEN,BANC,"<img src=""./data/NODE_LMP_Plots/SHASTRD_7_UNIT3GNODE/NodeLMP.png"" width=""200"" height=""120""/>","<img src=""./data/NODE_LMP_Plots/SHASTRD_7_UNIT3GNODE/NodeMCC.png"" width=""200"" height=""120""/>","<img src=""./data/NODE_LMP_Plots/SHASTRD_7_UNIT3GNODE/NodeMCE.png"" width=""200"" height=""120""/>",9.274143645833338
137,7096,40.717589999938575,-122.42258930227317,SHASTRD_7_UNIT4GNODE,GEN,BANC,"<img src=""./data/NODE_LMP_Plots/SHASTRD_7_UNIT4GNODE/NodeLMP.png"" width=""200"" height=""120""/>","<img src=""./data/NODE_LMP_Plots/SHASTRD_7_UNIT4GNODE/NodeMCC.png"" width=""200"" height=""120""/>","<img src=""./data/NODE_LMP_Plots/SHASTRD_7_UNIT4GNODE/NodeMCE.png"" width=""200"" height=""120""/>",9.274143645833338
138,7097,40.71768042326152,-122.42247,SHASTRD_7_UNIT5GNODE,GEN,BANC,"<img src=""./data/NODE_LMP_Plots/SHASTRD_7_UNIT5GNODE/NodeLMP.png"" width=""200"" height=""120""/>","<img src=""./data/NODE_LMP_Plots/SHASTRD_7_UNIT5GNODE/NodeMCC.png"" width=""200"" height=""120""/>","<img src=""./data/NODE_LMP_Plots/SHASTRD_7_UNIT5GNODE/NodeMCE.png"" width=""200"" height=""120""/>",9.274143645833338
139,7366,35.643336,-106.731993,SPILLS_6_ELVADOHYDROGNODE,GEN,PNM,"<img src=""./data/NODE_LMP_Plots/SPILLS_6_ELVADOHYDROGNODE/NodeLMP.png"" width=""200"" height=""120""/>","<img src=""./data/NODE_LMP_Plots/SPILLS_6_ELVADOHYDROGNODE/NodeMCC.png"" width=""200"" height=""120""/>","<img src=""./data/NODE_LMP_Plots/SPILLS_6_ELVADOHYDROGNODE/NodeMCE.png"" width=""200"" height=""120""/>",-75.28303197916668
140,7408,34.317552,-109.165362,SPRV_3_COAL_SPV3GNODE,GEN,PNM,"<img src=""./data/NODE_LMP_Plots/SPRV_3_COAL_SPV3GNODE/NodeLMP.png"" width=""200"" height=""120""/>","<img src=""./data/NODE_LMP_Plots/SPRV_3_COAL_SPV3GNODE/NodeMCC.png"" width=""200"" height=""120""/>","<img src=""./data/NODE_LMP_Plots/SPRV_3_COAL_SPV3GNODE/NodeMCE.png"" width=""200"" height=""120""/>",-59.105939166666644
141,7475,35.565522,-106.08944,STATEPEN_1_SANTAFEPVGNODE,GEN,PNM,"<img src=""./data/NODE_LMP_Plots/STATEPEN_1_SANTAFEPVGNODE/NodeLMP.png"" width=""200"" height=""120""/>","<img src=""./data/NODE_LMP_Plots/STATEPEN_1_SANTAFEPVGNODE/NodeMCC.png"" width=""200"" height=""120""/>","<img src=""./data/NODE_LMP_Plots/STATEPEN_1_SANTAFEPVGNODE/NodeMCE.png"" width=""200"" height=""120""/>",-74.64778760416665
142,7500,37.627559999986325,-120.9750429086082,STCRUZ_LNODECXA,LOAD,BANC,"<img src=""./data/NODE_LMP_Plots/STCRUZ_LNODECXA/NodeLMP.png"" width=""200"" height=""120""/>","<img src=""./data/NODE_LMP_Plots/STCRUZ_LNODECXA/NodeMCC.png"" width=""200"" height=""120""/>","<img src=""./data/NODE_LMP_Plots/STCRUZ_LNODECXA/NodeMCE.png"" width=""200"" height=""120""/>",20.776535104166662
143,7501,37.627559999986325,-120.97515709139182,STCRUZ_LNODEWLS,LOAD,BANC,"<img src=""./data/NODE_LMP_Plots/STCRUZ_LNODEWLS/NodeLMP.png"" width=""200"" height=""120""/>","<img src=""./data/NODE_LMP_Plots/STCRUZ_LNODEWLS/NodeMCC.png"" width=""200"" height=""120""/>","<img src=""./data/NODE_LMP_Plots/STCRUZ_LNODEWLS/NodeMCE.png"" width=""200"" height=""120""/>",20.776535104166662
144,7502,37.704079999986206,-121.06864284680096,STDDRD_LNODECEA,LOAD,BANC,"<img src=""./data/NODE_LMP_Plots/STDDRD_LNODECEA/NodeLMP.png"" width=""200"" height=""120""/>","<img src=""./data/NODE_LMP_Plots/STDDRD_LNODECEA/NodeMCC.png"" width=""200"" height=""120""/>","<img src=""./data/NODE_LMP_Plots/STDDRD_LNODECEA/NodeMCE.png"" width=""200"" height=""120""/>",19.04035260416666
145,7503,37.704079999986206,-121.06875715319904,STDDRD_LNODEWZO,LOAD,BANC,"<img src=""./data/NODE_LMP_Plots/STDDRD_LNODEWZO/NodeLMP.png"" width=""200"" height=""120""/>","<img src=""./data/NODE_LMP_Plots/STDDRD_LNODEWZO/NodeMCC.png"" width=""200"" height=""120""/>","<img src=""./data/NODE_LMP_Plots/STDDRD_LNODEWZO/NodeMCE.png"" width=""200"" height=""120""/>",19.04035260416666
146,7505,38.572008,-121.500518,STD_GNODER,GEN,BANC,"<img src=""./data/NODE_LMP_Plots/STD_GNODER/NodeLMP.png"" width=""200"" height=""120""/>","<img src=""./data/NODE_LMP_Plots/STD_GNODER/NodeMCC.png"" width=""200"" height=""120""/>","<img src=""./data/NODE_LMP_Plots/STD_GNODER/NodeMCE.png"" width=""200"" height=""120""/>",12.324997708333328
147,7606,35.002106,-106.637234,STUDIO_1_PROSPERITYGNODE,GEN,PNM,"<img src=""./data/NODE_LMP_Plots/STUDIO_1_PROSPERITYGNODE/NodeLMP.png"" width=""200"" height=""120""/>","<img src=""./data/NODE_LMP_Plots/STUDIO_1_PROSPERITYGNODE/NodeMCC.png"" width=""200"" height=""120""/>","<img src=""./data/NODE_LMP_Plots/STUDIO_1_PROSPERITYGNODE/NodeMCE.png"" width=""200"" height=""120""/>",-74.58650999999999
148,7727,34.987497,-106.733911,S_COORS_1_SOUTHVALLEPVGNODE,GEN,PNM,"<img src=""./data/NODE_LMP_Plots/S_COORS_1_SOUTHVALLEPVGNODE/NodeLMP.png"" width=""200"" height=""120""/>","<img src=""./data/NODE_LMP_Plots/S_COORS_1_SOUTHVALLEPVGNODE/NodeMCC.png"" width=""200"" height=""120""/>","<img src=""./data/NODE_LMP_Plots/S_COORS_1_SOUTHVALLEPVGNODE/NodeMCE.png"" width=""200"" height=""120""/>",-74.59377229166665
149,7739,35.875305,-106.320723,TA3_7_CGTGGNODE,GEN,PNM,"<img src=""./data/NODE_LMP_Plots/TA3_7_CGTGGNODE/NodeLMP.png"" width=""200"" height=""120""/>","<img src=""./data/NODE_LMP_Plots/TA3_7_CGTGGNODE/NodeMCC.png"" width=""200"" height=""120""/>","<img src=""./data/NODE_LMP_Plots/TA3_7_CGTGGNODE/NodeMCE.png"" width=""200"" height=""120""/>",-74.83308520833334
150,7750,34.65067831389528,-104.01445496316389,TAIBANM_3_LONEMESAWFGNODE,GEN,PNM,"<img src=""./data/NODE_LMP_Plots/TAIBANM_3_LONEMESAWFGNODE/NodeLMP.png"" width=""200"" height=""120""/>","<img src=""./data/NODE_LMP_Plots/TAIBANM_3_LONEMESAWFGNODE/NodeMCC.png"" width=""200"" height=""120""/>","<img src=""./data/NODE_LMP_Plots/TAIBANM_3_LONEMESAWFGNODE/NodeMCE.png"" width=""200"" height=""120""/>",-74.88676187500002
151,7900,40.79747999998468,-122.76270026920837,TNY_7_UNIT1GNODE,GEN,BANC,"<img src=""./data/NODE_LMP_Plots/TNY_7_UNIT1GNODE/NodeLMP.png"" width=""200"" height=""120""/>","<img src=""./data/NODE_LMP_Plots/TNY_7_UNIT1GNODE/NodeMCC.png"" width=""200"" height=""120""/>","<img src=""./data/NODE_LMP_Plots/TNY_7_UNIT1GNODE/NodeMCE.png"" width=""200"" height=""120""/>",8.192979479166668
152,7901,40.79747999998468,-122.76281973079162,TNY_7_UNIT2GNODE,GEN,BANC,"<img src=""./data/NODE_LMP_Plots/TNY_7_UNIT2GNODE/NodeLMP.png"" width=""200"" height=""120""/>","<img src=""./data/NODE_LMP_Plots/TNY_7_UNIT2GNODE/NodeMCC.png"" width=""200"" height=""120""/>","<img src=""./data/NODE_LMP_Plots/TNY_7_UNIT2GNODE/NodeMCE.png"" width=""200"" height=""120""/>",8.192979479166668
153,7917,34.690969,-106.685128,TOME_1_RIODELOROPVGNODE,GEN,PNM,"<img src=""./data/NODE_LMP_Plots/TOME_1_RIODELOROPVGNODE/NodeLMP.png"" width=""200"" height=""120""/>","<img src=""./data/NODE_LMP_Plots/TOME_1_RIODELOROPVGNODE/NodeMCC.png"" width=""200"" height=""120""/>","<img src=""./data/NODE_LMP_Plots/TOME_1_RIODELOROPVGNODE/NodeMCE.png"" width=""200"" height=""120""/>",-73.70315343749999
154,7918,34.611429,-106.732259,TOME_1_VEFGTGNODE,GEN,PNM,"<img src=""./data/NODE_LMP_Plots/TOME_1_VEFGTGNODE/NodeLMP.png"" width=""200"" height=""120""/>","<img src=""./data/NODE_LMP_Plots/TOME_1_VEFGTGNODE/NodeMCC.png"" width=""200"" height=""120""/>","<img src=""./data/NODE_LMP_Plots/TOME_1_VEFGTGNODE/NodeMCE.png"" width=""200"" height=""120""/>",-73.70315343749999
155,8018,37.79698,-121.58542,TRY_LNODENE1,GEN,BANC,"<img src=""./data/NODE_LMP_Plots/TRY_LNODENE1/NodeLMP.png"" width=""200"" height=""120""/>","<img src=""./data/NODE_LMP_Plots/TRY_LNODENE1/NodeMCC.png"" width=""200"" height=""120""/>","<img src=""./data/NODE_LMP_Plots/TRY_LNODENE1/NodeMCE.png"" width=""200"" height=""120""/>",11.859528020833329
156,8100,38.550453,-121.449591,UCD_GNODEPL,GEN,BANC,"<img src=""./data/NODE_LMP_Plots/UCD_GNODEPL/NodeLMP.png"" width=""200"" height=""120""/>","<img src=""./data/NODE_LMP_Plots/UCD_GNODEPL/NodeMCC.png"" width=""200"" height=""120""/>","<img src=""./data/NODE_LMP_Plots/UCD_GNODEPL/NodeMCE.png"" width=""200"" height=""120""/>",12.34621166666666
157,8181,38.864303,-120.444264,UNV_GNODET,GEN,BANC,"<img src=""./data/NODE_LMP_Plots/UNV_GNODET/NodeLMP.png"" width=""200"" height=""120""/>","<img src=""./data/NODE_LMP_Plots/UNV_GNODET/NodeMCC.png"" width=""200"" height=""120""/>","<img src=""./data/NODE_LMP_Plots/UNV_GNODET/NodeMCE.png"" width=""200"" height=""120""/>",12.492246874999998
158,8560,40.597643,-122.538623,WHSKYTWN_2_UNIT9GNODE,GEN,BANC,"<img src=""./data/NODE_LMP_Plots/WHSKYTWN_2_UNIT9GNODE/NodeLMP.png"" width=""200"" height=""120""/>","<img src=""./data/NODE_LMP_Plots/WHSKYTWN_2_UNIT9GNODE/NodeMCC.png"" width=""200"" height=""120""/>","<img src=""./data/NODE_LMP_Plots/WHSKYTWN_2_UNIT9GNODE/NodeMCE.png"" width=""200"" height=""120""/>",8.192979479166668
159,8562,38.7651519999859,-120.78705045228318,WHT_GNODE1,GEN,BANC,"<img src=""./data/NODE_LMP_Plots/WHT_GNODE1/NodeLMP.png"" width=""200"" height=""120""/>","<img src=""./data/NODE_LMP_Plots/WHT_GNODE1/NodeMCC.png"" width=""200"" height=""120""/>","<img src=""./data/NODE_LMP_Plots/WHT_GNODE1/NodeMCE.png"" width=""200"" height=""120""/>",12.475771562499999
160,8563,38.7651519999859,-120.78716554771682,WHT_GNODE2,GEN,BANC,"<img src=""./data/NODE_LMP_Plots/WHT_GNODE2/NodeLMP.png"" width=""200"" height=""120""/>","<img src=""./data/NODE_LMP_Plots/WHT_GNODE2/NodeMCC.png"" width=""200"" height=""120""/>","<img src=""./data/NODE_LMP_Plots/WHT_GNODE2/NodeMCE.png"" width=""200"" height=""120""/>",12.475771562499999
161,8578,34.472717,-105.96719,WILLARD_1_HIGHLONEWFGNODE,GEN,PNM,"<img src=""./data/NODE_LMP_Plots/WILLARD_1_HIGHLONEWFGNODE/NodeLMP.png"" width=""200"" height=""120""/>","<img src=""./data/NODE_LMP_Plots/WILLARD_1_HIGHLONEWFGNODE/NodeMCC.png"" width=""200"" height=""120""/>","<img src=""./data/NODE_LMP_Plots/WILLARD_1_HIGHLONEWFGNODE/NodeMCE.png"" width=""200"" height=""120""/>",-73.90598572916664
162,8662,37.652638089,-121.019488732,WOODLAND_6_WGSUNIT1GNODE,GEN,BANC,"<img src=""./data/NODE_LMP_Plots/WOODLAND_6_WGSUNIT1GNODE/NodeLMP.png"" width=""200"" height=""120""/>","<img src=""./data/NODE_LMP_Plots/WOODLAND_6_WGSUNIT1GNODE/NodeMCC.png"" width=""200"" height=""120""/>","<img src=""./data/NODE_LMP_Plots/WOODLAND_6_WGSUNIT1GNODE/NodeMCE.png"" width=""200"" height=""120""/>",18.501629270833323
163,8664,37.65263808894495,-121.01937450727964,WOODLAND_7_WGSUNIT2_CTGNODE,GEN,BANC,"<img src=""./data/NODE_LMP_Plots/WOODLAND_7_WGSUNIT2_CTGNODE/NodeLMP.png"" width=""200"" height=""120""/>","<img src=""./data/NODE_LMP_Plots/WOODLAND_7_WGSUNIT2_CTGNODE/NodeMCC.png"" width=""200"" height=""120""/>","<img src=""./data/NODE_LMP_Plots/WOODLAND_7_WGSUNIT2_CTGNODE/NodeMCE.png"" width=""200"" height=""120""/>",18.501629270833323
164,8665,37.65254765394827,-121.01937450741876,WOODLAND_7_WGSUNIT2_STGNODE,GEN,BANC,"<img src=""./data/NODE_LMP_Plots/WOODLAND_7_WGSUNIT2_STGNODE/NodeLMP.png"" width=""200"" height=""120""/>","<img src=""./data/NODE_LMP_Plots/WOODLAND_7_WGSUNIT2_STGNODE/NodeMCC.png"" width=""200"" height=""120""/>","<img src=""./data/NODE_LMP_Plots/WOODLAND_7_WGSUNIT2_STGNODE/NodeMCE.png"" width=""200"" height=""120""/>",18.501629270833323
165,8666,37.65248370679923,-121.01945527642354,WOODLAND_7_WGSUNIT3_AGNODE,GEN,BANC,"<img src=""./data/NODE_LMP_Plots/WOODLAND_7_WGSUNIT3_AGNODE/NodeLMP.png"" width=""200"" height=""120""/>","<img src=""./data/NODE_LMP_Plots/WOODLAND_7_WGSUNIT3_AGNODE/NodeMCC.png"" width=""200"" height=""120""/>","<img src=""./data/NODE_LMP_Plots/WOODLAND_7_WGSUNIT3_AGNODE/NodeMCE.png"" width=""200"" height=""120""/>",18.501629270833323
166,8667,37.65246841404071,-121.01956785589306,WOODLAND_7_WGSUNIT3_BGNODE,GEN,BANC,"<img src=""./data/NODE_LMP_Plots/WOODLAND_7_WGSUNIT3_BGNODE/NodeLMP.png"" width=""200"" height=""120""/>","<img src=""./data/NODE_LMP_Plots/WOODLAND_7_WGSUNIT3_BGNODE/NodeMCC.png"" width=""200"" height=""120""/>","<img src=""./data/NODE_LMP_Plots/WOODLAND_7_WGSUNIT3_BGNODE/NodeMCE.png"" width=""200"" height=""120""/>",18.501629270833323
167,8668,37.65249973632327,-121.01967501043724,WOODLAND_7_WGSUNIT3_CGNODE,GEN,BANC,"<img src=""./data/NODE_LMP_Plots/WOODLAND_7_WGSUNIT3_CGNODE/NodeLMP.png"" width=""200"" height=""120""/>","<img src=""./data/NODE_LMP_Plots/WOODLAND_7_WGSUNIT3_CGNODE/NodeMCC.png"" width=""200"" height=""120""/>","<img src=""./data/NODE_LMP_Plots/WOODLAND_7_WGSUNIT3_CGNODE/NodeMCE.png"" width=""200"" height=""120""/>",18.501629270833323
168,8669,37.65256569225151,-121.01975315993242,WOODLAND_7_WGSUNIT3_DGNODE,GEN,BANC,"<img src=""./data/NODE_LMP_Plots/WOODLAND_7_WGSUNIT3_DGNODE/NodeLMP.png"" width=""200"" height=""120""/>","<img src=""./data/NODE_LMP_Plots/WOODLAND_7_WGSUNIT3_DGNODE/NodeMCC.png"" width=""200"" height=""120""/>","<img src=""./data/NODE_LMP_Plots/WOODLAND_7_WGSUNIT3_DGNODE/NodeMCE.png"" width=""200"" height=""120""/>",18.501629270833323
169,8670,37.652651161148185,-121.01979049086674,WOODLAND_7_WGSUNIT3_EGNODE,GEN,BANC,"<img src=""./data/NODE_LMP_Plots/WOODLAND_7_WGSUNIT3_EGNODE/NodeLMP.png"" width=""200"" height=""120""/>","<img src=""./data/NODE_LMP_Plots/WOODLAND_7_WGSUNIT3_EGNODE/NodeMCC.png"" width=""200"" height=""120""/>","<img src=""./data/NODE_LMP_Plots/WOODLAND_7_WGSUNIT3_EGNODE/NodeMCE.png"" width=""200"" height=""120""/>",18.501629270833323
170,8671,37.65274146108421,-121.01978425051092,WOODLAND_7_WGSUNIT3_FGNODE,GEN,BANC,"<img src=""./data/NODE_LMP_Plots/WOODLAND_7_WGSUNIT3_FGNODE/NodeLMP.png"" width=""200"" height=""120""/>","<img src=""./data/NODE_LMP_Plots/WOODLAND_7_WGSUNIT3_FGNODE/NodeMCC.png"" width=""200"" height=""120""/>","<img src=""./data/NODE_LMP_Plots/WOODLAND_7_WGSUNIT3_FGNODE/NodeMCE.png"" width=""200"" height=""120""/>",18.501629270833323
